descripcion,unidad,tipo,precio_unitario,es_auxiliar
"ABRAZADERA TIPO PERA METÁLICA Ø= 1 1/2""",Un,material,2880.0,false
"ABRAZADERA TIPO PERA METÁLICA Ø= 1 1/4""",Un,material,2336.0,false
"ABRAZADERA TIPO PERA METÁLICA Ø= 2 1/2""",Un,material,4920.0,false
"ABRAZADERA TIPO PERA METÁLICA Ø= 2""",Un,material,3120.0,false
"ABRAZADERA TIPO PERA METÁLICA Ø= 3""",Un,material,6000.0,false
"ABRAZADERA TIPO PERA METÁLICA Ø= 4""",Un,material,6840.0,false
ACARREO MATERIALES PÉTREOS-TIERRA-VARIOS,m3-Km,transporte,2554.0,true
ACERO DRAMIX MALLA EN BOLSA L= 60 mm,Kg,material,15000.0,false
ACERO Fy= 240 MPa,Kg,material,5500.0,false
ACERO Fy= 420 MPa,Kg,material,5500.0,false
ACERO PARA ESTRUCTURA METÁLICA,Kg,material,7396.02,false
"ACOPLE LAVAMANOS/ LAVAPLATOS PLÁSTICO 1/2""",Un,material,6400.0,false
"ACOPLE LAVAMANOS/ LAVAPLATOS PLÁSTICO 1/2"" CON VÁLVULA DE REGULACIÓN",Un,material,19900.0,false
"ACOPLE RANURADO HIERRO DÚCTIL SCH 40 1 1/2""",Un,material,3487.0,false
"ACOPLE RANURADO HIERRO DÚCTIL SCH 40 1 1/4""",Un,material,2945.0,false
"ACOPLE RANURADO HIERRO DÚCTIL SCH 40 1""",Un,material,2397.0,false
"ACOPLE RANURADO HIERRO DÚCTIL SCH 40 1/2""",Un,material,2333.0,false
"ACOPLE RANURADO HIERRO DÚCTIL SCH 40 2 1/2""",Un,material,4200.0,false
"ACOPLE RANURADO HIERRO DÚCTIL SCH 40 2""",Un,material,4031.0,false
"ACOPLE RANURADO HIERRO DÚCTIL SCH 40 3""",Un,material,4365.0,false
"ACOPLE RANURADO HIERRO DÚCTIL SCH 40 3/4""",Un,material,2364.0,false
"ACOPLE RANURADO HIERRO DÚCTIL SCH 40 4""",Un,material,6952.0,false
"ACOPLE SANITARIO DE ACERO 1/2""",Un,material,23900.0,false
"ACOPLE SANITARIO PLÁSTICO 1/2""",Un,material,5900.0,false
"ACOPLE SANITARIO PLÁSTICO 1/2"" CON VÁLVULA DE REGULACIÓN",Un,material,19900.0,false
"ACOPLE UNIVERSAL 2"" ALUMINIO BOMBA",Un,material,87757.0,false
"ACOPLE UNIVERSAL 3"" ALUMINIO BOMBA",Un,material,129919.0,false
ACPM,Gal,material,10864.0,false
"ADAPTADOR DE LIMPIEZA PVC 2""",Un,material,9736.0,false
"ADAPTADOR DE LIMPIEZA PVC 3""",Un,material,20934.0,false
"ADAPTADOR DE LIMPIEZA PVC 4""",Un,material,31123.0,false
"ADAPTADOR DE LIMPIEZA PVC 6""",Un,material,81015.0,false
"ADAPTADOR DE LIMPIEZA PVC 8""",Un,material,1028513.0,false
"ADAPTADOR HEMBRA COBRE 1/2""",Un,material,6311.0,false
"ADAPTADOR MACHO COBRE 1/2""",Un,material,4208.0,false
"ADAPTADOR MACHO COBRE 3/4""",Un,material,7158.0,false
"ADAPTADOR MACHO CPVC 1/2""",Un,material,2415.0,false
"ADAPTADOR MACHO CPVC 3/4""",Un,material,2967.0,false
"ADAPTADOR MACHO CPVC SCH 80 1/2""",Un,material,20284.0,false
"ADAPTADOR MACHO CPVC SCH 80 3/4""",Un,material,24740.0,false
"ADAPTADOR MACHO PVC 1 1/2""",Un,material,5823.0,false
"ADAPTADOR MACHO PVC 1 1/4""",Un,material,4971.0,false
"ADAPTADOR MACHO PVC 1""",Un,material,2361.0,false
"ADAPTADOR MACHO PVC 1/2""",Un,material,624.0,false
"ADAPTADOR MACHO PVC 2 1/2""",Un,material,21632.0,false
"ADAPTADOR MACHO PVC 2""",Un,material,8319.0,false
"ADAPTADOR MACHO PVC 3""",Un,material,32703.0,false
"ADAPTADOR MACHO PVC 3/4""",Un,material,1132.0,false
"ADAPTADOR MACHO PVC 4""",Un,material,60161.0,false
"ADAPTADOR MACHO PVC SCH 80 1 1/2""",Un,material,39980.0,false
"ADAPTADOR MACHO PVC SCH 80 1 1/4""",Un,material,29819.0,false
"ADAPTADOR MACHO PVC SCH 80 2""",Un,material,63280.0,false
"ADAPTADOR TERMINAL PVC 1/2"" CONDUIT",Un,material,645.0,false
"ADAPTADOR TERMINAL PVC 2"" CONDUIT",Un,material,6618.0,false
"ADAPTADOR TERMINAL PVC 3/4"" CONDUIT",Un,material,860.0,false
ADHESIVO DE POLIURETANO BICOMPONENTE PARA PAVIMENTOS,Kg,material,19768.0,false
ADHESIVO EPÓXICO NOVAFORT,Lt,material,151415.0,false
ADHESIVO PARA PISO LAMINADO,Gal,material,18600.0,false
ADHESIVO PARA PISOS DE VINILO,Gal,material,108980.0,false
ADHESIVO PARA YESO,Kg,material,1150.0,false
ADOBE 10x20x40 cm,Un,material,1817.0,false
ADOQUÍN DE ARCILLA 6x10x20 cm,m2,material,60230.0,false
ADOQUÍN DE CONCRETO 6x10x20 cm,m2,material,84561.0,false
ADOQUÍN DE CONCRETO 8x10x20 cm,m2,material,95280.0,false
ADOQUÍN ECOLÓGICO DE CONCRETO 8x40x40 cm,m2,material,98616.0,false
"AGROTEXTIL BIOMANTO DE FIQUE 320 gr/m2, F-F",m2,material,7046.0,false
AGUA,Lt,material,79.0,false
"AIRE ACONDICIONADO MINI SPLIT INVERTER 12,000 BTU 220V",Un,material,2852624.0,false
"AIRE ACONDICIONADO MINI SPLIT INVERTER 18,000 BTU 220V",Un,material,3653553.0,false
"AIRE ACONDICIONADO MINI SPLIT INVERTER 24,000 BTU 220V",Un,material,4454482.0,false
"AIRE ACONDICIONADO MINI SPLIT INVERTER 9,000 BTU 220V",Un,material,2578333.0,false
"AISLADOR YOYO DE 2 1/2""",Un,material,6539.0,false
"AISLAMIENTO TÉRMICO y ACÚSTICO BLACK THEATER 2"" 1.22x2.44 m",Un,material,288706.0,false
"AISLANTE EN POLIURETANO 2""",m2,material,74427.0,false
ALAMBRE DE COBRE DESNUDO #14 AWG,m,material,1725.0,false
ALAMBRE DE COBRE DESNUDO #4 AWG,m,material,17213.0,false
ALAMBRE DE COBRE THHN/THWN #10 AWG,m,material,4267.0,false
ALAMBRE DE COBRE THHN/THWN #12 AWG,m,material,2648.0,false
ALAMBRE DE COBRE THHN/THWN #14 AWG,m,material,1842.0,false
ALAMBRE DE COBRE THHN/THWN #8 AWG,m,material,6762.0,false
ALAMBRE DE PÚAS Cal. 16.5,m,material,589.0,false
ALAMBRE GALVANIZADO Cal. 12,Kg,material,6163.0,false
ALAMBRE GALVANIZADO Cal. 14,Kg,material,6231.0,false
ALAMBRE GALVANIZADO Cal. 18,Kg,material,10902.0,false
ALAMBRE NEGRO Cal. 18,Kg,material,7480.68,false
ALARGADOR RODILLO PINTURA,Un,equipo,67051.0,false
ALCOHOL ANTISÉPTICO AL 70%,Lt,material,14234.0,false
ALFOMBRA BERBER,m2,material,65410.0,false
ALICATE,Un,equipo,49584.0,false
"ALICATE ARTICULADO PICO LORO 10""",Un,equipo,90970.0,false
ALICATE CORTA FRÍO,Un,equipo,60051.0,false
ALICATE DE PUNTA LARGA,Un,equipo,49583.0,false
ALICATE HOMBRESOLO,Un,equipo,44952.0,false
"ALLANADORA DE CONCRETO 36""",Día,equipo,106637.0,false
ALMACENISTA DE OBRA,Mes,mano_obra,1850905.0,false
ALMADANA 18 lb,Un,equipo,134428.0,false
ALMADANA 4 lb,Un,equipo,56266.0,false
ALUMOL (Pintura reflectiva de aluminio),Kg,material,59311.0,false
AMARRADOR DE VARILLA,Un,equipo,18975.0,false
AMARRAS PLÁSTICAS 55 cm,Un,material,2059.0,false
AMARRE TAPA METÁLICA Cal. 18,Un,material,372.0,false
AMORTIGUADOR DEFENSA METÁLICA,Un,material,60234.0,false
"ANCLAJE ESTRUCTURA PLATINA 1/4""",Un,material,8399.0,false
ANDAMIO CERTIFICADO,Día,equipo,8654.0,false
ANDAMIO COLGANTE 30-60 m de CABLE,Día,equipo,6764.0,false
ANDAMIO DE CARGA,Día,equipo,9316.0,false
ANDAMIO TUBULAR CON TIJERA 1.50x1.50 m,Día,equipo,5298.0,true
ANTISOL BLANCO (Curador para concreto y mortero base agua),Kg,material,10176.0,false
ANTORCHA SOPLETE A GAS,Hr,equipo,119755.0,false
"APOYO DE NEOPRENO DUREZA 50, e= 3/4""",m2,material,3736272.0,false
"APOYO DE NEOPRENO DUREZA 60, e= 1 1/4""",m2,material,5031353.0,false
"APOYO DE NEOPRENO DUREZA 75, e= 1/4""",m2,material,513511.0,false
"ARANDELA PLANA 3/8"" GALV.",Un,material,421.0,false
ARBUSTO DURANTA,Un,material,1119.0,false
ARENA,m3,material,130014.0,false
ARENA LAVADA DE RÍO,m3,material,219235.0,false
ARENILLA,m3,material,84514.0,false
ARO BASE y ARO TAPA HF Ø= 0.60 m,Un,material,454474.0,false
ARO y TAPA POLIMÉRICA Ø= 0.60 m,Un,material,1016230.0,false
ARQUITECTO,Mes,mano_obra,4845850.0,false
"ASCENSOR GPX - Capacidad 10 PERSONAS, 700 Kg (6 Paradas)",Un,material,165120536.0,false
ASFÁLTO LÍQUIDO MC-70,Gal,material,5120.0,false
ATORNILLADOR ELÉCTRICO,Un,equipo,606950.0,false
AUXILIAR DE ALMACÉN,Mes,mano_obra,1750905.0,false
AUXILIO DE TRANSPORTE,Mes,mano_obra,249095.0,false
AYUDANTE,Mes,mano_obra,1750905.0,false
AYUDANTE (Incl. prestaciones),Día,mano_obra,110085.0,true
AYUDANTE PRÁCTICO,Mes,mano_obra,1950905.0,false
AYUDANTE PRÁCTICO (Incl. prestaciones),Día,mano_obra,121271.0,true
BAJANTE PVC AMAZONA x 3 m,Un,material,116609.0,false
BALASTO 2x32W 120V,Un,material,43106.0,false
BALASTO 2x48W 120V,Un,material,53010.0,false
BALDE CONSTRUCCIÓN,Un,equipo,7080.0,false
BALDE PARA PLUMA GRÚA,Día,equipo,2704.0,false
BALDE PLÁSTICO DE 12 Lt,Un,equipo,26725.0,false
BALDOSA DE CEMENTO 25x25 cm,m2,material,27381.0,false
BALDOSA INSOLUX 20x20 cm,Un,material,8689.0,false
BALDOSA TERRAZO P5 33x33 cm,m2,material,96408.0,false
"BANCA EN CONCRETO PREFABRICADA L= 1.40 m, a= 0.56 m, h= 0.78 m",Un,material,358613.0,false
BANDA DE GEOTEXTIL a= 0.30 m,m,material,3451.0,false
BANDEJA DESINFECTANTE DE CALZADO,Un,equipo,119281.0,false
BANDEJA MALLA PORTACABLE 60 x 100 mm,m,material,35615.0,false
BANDEJA PLÁSTICA PARA PINTURA,Un,equipo,14647.0,false
BARRA AGRÍCOLA,Un,equipo,121399.0,false
BARRA ANTIPÁNICO TAMPA EN ACERO INOXIDABLE 2 PUNTOS,Un,material,798785.0,false
"BARRA DE SEGURIDAD 12""",Un,material,179571.0,false
"BARRA DE SEGURIDAD 18""",Un,material,195285.0,false
"BARRA DE SEGURIDAD 24""",Un,material,210998.0,false
"BARRA DE SEGURIDAD 30""",Un,material,266200.0,false
BARRA DE SEGURIDAD EN L,Un,material,644412.0,false
BARRA DE SEGURIDAD PARED A PISO,Un,material,483376.0,false
BARRA DE SEGURIDAD PLEGABLE,Un,material,863469.0,false
BARRA DE SEGURIDAD SANITARIA TIPO H,Un,material,1224491.0,false
"BARREDORA MECÁNICA DE CEPILLO, 6 m3",Hr,equipo,103786.0,false
BARREDORA SOPLADORA,Hr,equipo,77398.0,false
BARRENO AHOYADOR A GASOLINA,Un,equipo,1325329.0,false
BARRENO AHOYADOR MANUAL,Un,equipo,130658.0,false
BARRICADA DE SEGURIDAD DESMONTABLE L= 3 m,Un,material,677697.0,false
BASE GRANULAR,m3,material,147458.0,false
BASE PARA FOTOCELDA,Un,material,10618.0,false
BASURERO PLÁSTICO TAPA VAIVÉN 26 Lt,Un,material,42781.0,false
BASURERO URBANO EN ACERO INOX.,Un,material,561043.0,false
BATEA,Un,equipo,31628.0,false
BAÑERA (TINA) EN FIBRA DE VIDRIO 1.80 m x 0.75 m,Un,material,2599120.0,false
BAÑERA (TINA) EN FIBRA DE VIDRIO 1.80 m x 0.90 m,Un,material,3118818.0,false
BAÑO PORTÁTIL ESTÁNDAR DE POLIETILENO DE 1.20x1.20x2.35 m,Mes,equipo,711415.0,false
"BERBIQUÍ MANUAL 12""",Un,equipo,145909.0,false
BETÚN,Lb,material,31084.0,false
BINDA BOQUILLA ACRÍLICO (Emboquillador con látex para enchapes cerámicos y porcelanatos),Kg,material,11323.0,false
BISAGRA AL PISO PARA PUERTA VAIVÉN,Un,material,126142.0,false
"BISAGRA PARA PUERTA DE COBRE 3""",Un,material,3891.0,false
BISAGRA PARA PUERTA VAIVÉN,Un,material,68348.0,false
BISAGRA PIVOTE DE PUERTA,Un,material,15073.0,false
BISTURÍ,Un,equipo,52502.0,false
BLANCO DE ZINC,Lb,material,4323.0,false
BLOQUE CEMENTO 10x20x40 cm,Un,material,3519.0,false
BLOQUE CEMENTO 12x20x40 cm,Un,material,4621.0,false
BLOQUE CEMENTO 15x20x40 cm,Un,material,5223.0,false
BLOQUE CEMENTO 15x20x40 cm SPLIT,Un,material,7694.0,false
BLOQUE CEMENTO 20x20x40 cm,Un,material,7313.0,false
BLOQUE CEMENTO ½ 10x20x20 cm,Un,material,2109.0,false
BLOQUE CEMENTO ½ 12x20x20 cm,Un,material,2766.0,false
BLOQUE CEMENTO ½ 15x20x20 cm,Un,material,3139.0,false
BLOQUE CEMENTO ½ 15x20x20 cm SPLIT,Un,material,4621.0,false
BLOQUE CEMENTO ½ 20x20x20 cm,Un,material,4387.0,false
BLOQUE No. 4 ESTANDAR 30x20x10 cm,Un,material,1755.0,false
BLOQUE No. 5 ESTANDAR 30x20x12 cm,Un,material,1960.0,false
BLOQUE VIDRIO 19x19x8 cm,Un,material,17125.0,false
BLOQUELÓN 80x23x8 cm,Un,material,7485.0,false
BOCA DE EMPALME EN FIBRA DE VIDRIO,Un,material,105381.0,false
BOLARDO DE CONCRETO,Un,material,176019.0,false
BOLARDO DE HIERRO FUNDIDO,Un,material,223946.0,false
BOLSA INFLABLE,Un,equipo,12677.0,false
BOLSACRETO DE 1 m3,Un,material,46974.0,false
BOLSAS PLÁSTICAS,Un,material,593.0,false
BOMBA CENTRÍFUGA 2 HP 110/220V,Un,material,1586845.0,false
BOMBA CENTRÍFUGA 3 HP 220V,Un,material,2300739.0,false
BOMBA DE INYECCIÓN MONOCOMPONENTE,Un,equipo,421144.0,false
BOMBA PARA GATO DE TENSIONAMIENTO,Hr,equipo,87925.0,false
BOMBA PRUEBA HIDROSTÁTICA,Día,equipo,50870.0,false
BOMBA SUMERGIBLE 1 1/2 HP 110V (Para agua sucia),Un,material,535024.0,false
BOMBA SUMERGIBLE 1 1/2 HP 110V (Para pozo profundo),Un,material,5267206.0,false
BOMBA SUMERGIBLE 1 1/2 HP 220V TIPO LAPICERO,Un,material,1034536.0,false
BOMBA SUMERGIBLE 1 HP 110V (Para agua sucia),Un,material,497556.0,false
BOMBA SUMERGIBLE 1 HP 220V TIPO LAPICERO,Un,material,866772.0,false
BOMBILLO AHORRADOR EN ESPIRAL 20W,Un,material,14595.0,false
BOMBILLO LED 60W,Un,material,4859.0,false
BOMBILLO METAL HALIDE 250W,Un,material,108736.0,false
BOMBILLO METAL HALIDE 400W,Un,material,185026.0,false
BOMBILLO PARA LÁMPARA DE SODIO 250W,Un,material,73664.0,false
BOQUILLA CONCOLOR BLANCO,Kg,material,8181.0,false
"BOQUILLA POLICARBONATO Ø= 1 1/2""",Un,material,193146.0,false
"BOQUILLA POLICARBONATO Ø= 2 1/2""",Un,material,240380.0,false
BORDILLO PREFABRICADO 80x20x35,Un,material,62273.0,false
BORNA TERMINAL 1/0 AWG,Un,material,33313.0,false
BORNA TERMINAL 2/0 AWG,Un,material,17656.0,false
BOTAS DE SEGURIDAD,Par,mano_obra,108101.0,false
BRAZO METÁLICO PARA LUMINARIA,Un,material,107874.0,false
BREAKER BIPOLAR 15-30 A,Un,material,48587.0,false
BREAKER BIPOLAR 40-60 A,Un,material,59678.0,false
BREAKER MONOPOLAR 15-50 A,Un,material,13757.0,false
BREAKER TRIPOLAR 15-60 A,Un,material,115142.0,false
"BRIDA AJUSTABLE CPVC SCH 80 1 1/2""",Un,material,116100.0,false
"BRIDA AJUSTABLE CPVC SCH 80 2""",Un,material,140333.0,false
"BRIDA AJUSTABLE PVC SCH 80 1 1/2""",Un,material,43223.0,false
"BRIDA AJUSTABLE PVC SCH 80 2""",Un,material,58844.0,false
"BRIDA AJUSTABLE PVC SCH 80 3""",Un,material,72886.0,false
"BRIDA AJUSTABLE PVC SCH 80 4""",Un,material,102668.0,false
"BRIDA SANITARIA PVC 4""",Un,material,49604.0,false
BRILLADORA INDUSTRIAL PARA PISOS,Día,equipo,21429.0,false
"BROCA 1/2""",Un,equipo,18668.0,false
"BROCA 3/16""",Un,equipo,3896.0,false
"BROCA PARA CONCRETO 1/2""",Un,equipo,26727.0,false
"BROCA PARA CONCRETO 3/16""",Un,equipo,7657.0,false
"BROCA PARA CONCRETO 3/8""",Un,equipo,25384.0,false
"BROCHA 2""",Un,equipo,9096.0,false
"BROCHA 4""",Un,equipo,18680.0,false
BRONCOACRYL 101,Kg,material,6483.0,false
BRONCOELÁSTICO,Gal,material,107854.0,false
BRONCOSIL GRIS,Kg,material,3420.0,false
BUJARDA MANUAL DE TIPO MARTILLO,Un,equipo,64853.0,false
BULLDOZER D6,Hr,equipo,257198.0,false
BURLETE PARA PUERTA EN CAUCHO,m,material,27683.0,false
"BÚJE SOLDADO CPVC 3/4"" x 1/2""",Un,material,2111.0,false
"BÚJE SOLDADO CPVC SCH 80 3/4"" x 1/2""",Un,material,17423.0,false
"BÚJE SOLDADO PVC 3/4"" x 1/2""",Un,material,877.0,false
CABALLETE COLONIAL ARTICULADO INFERIOR,Un,material,29515.0,false
CABALLETE COLONIAL ARTICULADO SUPERIOR,Un,material,28311.0,false
CABALLETE PARA TEJA P7,Un,material,47012.0,false
CABALLETE TEJA TERMOACÚSTICA,m,material,80530.0,false
CABLE COAXIAL NEGRO Cal. 18 AWG,m,material,2654.0,false
CABLE DE COBRE DESNUDO #4 AWG,m,material,16841.0,false
CABLE DE COBRE DESNUDO 1/0 AWG,m,material,42393.0,false
CABLE DE COBRE DESNUDO 2/0 AWG,m,material,53566.0,false
CABLE DE COBRE DESNUDO 4/0 AWG,m,material,83940.0,false
CABLE DE COBRE PE HF FR LS #10 AWG,m,material,5447.0,false
CABLE DE COBRE PE HF FR LS #12 AWG,m,material,3763.0,false
CABLE DE COBRE PE HF FR LS #14 AWG,m,material,2638.0,false
CABLE DE COBRE PE HF FR LS #2 AWG,m,material,29877.0,false
CABLE DE COBRE PE HF FR LS #4 AWG,m,material,19263.0,false
CABLE DE COBRE PE HF FR LS #6 AWG,m,material,12484.0,false
CABLE DE COBRE PE HF FR LS #8 AWG,m,material,8078.0,false
CABLE DE COBRE PE HF FR LS 1/0 AWG,m,material,48814.0,false
CABLE DE COBRE PE HF FR LS 2/0 AWG,m,material,61004.0,false
CABLE DE COBRE PE HF FR LS 3/0 AWG,m,material,78285.0,false
CABLE DE COBRE PE HF FR LS 4/0 AWG,m,material,95565.0,false
CABLE DE COBRE THHN/THWN #10 AWG,m,material,4952.0,false
CABLE DE COBRE THHN/THWN #12 AWG,m,material,3424.0,false
CABLE DE COBRE THHN/THWN #14 AWG,m,material,2395.0,false
CABLE DE COBRE THHN/THWN #2 AWG,m,material,27158.0,false
CABLE DE COBRE THHN/THWN #4 AWG,m,material,17514.0,false
CABLE DE COBRE THHN/THWN #6 AWG,m,material,11349.0,false
CABLE DE COBRE THHN/THWN #8 AWG,m,material,7342.0,false
CABLE DE COBRE THHN/THWN 1/0 AWG,m,material,44377.0,false
CABLE DE COBRE THHN/THWN 2/0 AWG,m,material,55458.0,false
CABLE DE COBRE THHN/THWN 3/0 AWG,m,material,73544.0,false
CABLE DE COBRE THHN/THWN 4/0 AWG,m,material,86878.0,false
CABLE DÚPLEX 2x20 AWG,m,material,1443.0,false
CABLE ENCAUCHETADO 2x18 AWG,m,material,3323.0,false
CABLE ENCAUCHETADO 3x14 AWG,m,material,8830.0,false
CABLE ENCAUCHETADO 3x18 AWG,m,material,4520.0,false
CABLE HDMI 4K DE FIBRA ÓPTICA x 10 m,Un,material,117867.0,false
CABLE HDMI 4K ENCAUCHETADO x 10 m,Un,material,83325.0,false
CABLE PARA PORTA ELECTRODO x 10 m,Día,equipo,7440.0,false
CABLE SOLAR 4 mm,m,material,9217.0,false
CABLE TELEFÓNICO 2 PARES,m,material,1826.0,false
CABLE TELEFÓNICO 20 PARES,m,material,11292.0,false
CABLE TELEFÓNICO 50 PARES,m,material,25039.0,false
CABLE TRENZADO 3x12 AWG,m,material,6191.0,false
CABLE UTP CAT 5E GRIS,m,material,2112.0,false
CABLE UTP CAT 6A GRIS,m,material,3825.0,false
"CADENA GALVANIZADA 3/16""",m,material,4418.0,false
CADENERO,Mes,mano_obra,1850905.0,false
CADENERO (Incl. prestaciones),Día,mano_obra,114136.0,true
CAJA DE CONEXIÓN PANEL SOLAR (Incluye Diodos de Protección),Un,material,85180.0,false
CAJA DE PASO METÁLICA 15x15 cm,Un,material,100239.0,false
CAJA DE PASO METÁLICA 20x25 cm,Un,material,170372.0,false
CAJA ELÉCTRICA TERMOPLÁSTICA 15x15 cm,Un,material,19959.0,false
CAJA ELÉCTRICA TERMOPLÁSTICA 20x20 cm,Un,material,50144.0,false
"CAJA EMT 2"" x 4"" SALIDA de 1/2""",Un,material,9950.0,false
"CAJA EMT 2"" x 4"" SALIDA de 3/4""",Un,material,12715.0,false
"CAJA EMT OCTAGONAL SALIDA 1/2""",Un,material,22113.0,false
"CAJA EMT OCTAGONAL SALIDA 3/4""",Un,material,22113.0,false
"CAJA GALVANIZADA 2"" x 4""",Un,material,2244.0,false
"CAJA GALVANIZADA 4"" x 4""",Un,material,2927.0,false
CAJA GALVANIZADA OCTAGONAL,Un,material,2558.0,false
CAJA MEDIDOR DE AGUA,Un,material,122071.0,false
CAJA MEDIDOR DE GAS a= 45 cm,Un,material,72517.0,false
CAJA PARA LLAVES DE LAVADORA 23x15 cm,Un,material,19815.0,false
CAJA PARA REGISTRO DE GAS 13x13 cm,Un,material,5377.0,false
"CAJA PVC 2"" x 4""",Un,material,2939.0,false
"CAJA RAWELT 2"" x 4""",Un,material,19218.0,false
"CAJA RAWELT 4"" x 4""",Un,material,29186.0,false
CAJA STRIP TELEFÓNICO 20x20x10 cm,Un,material,45214.0,false
CAJA STRIP TELEFÓNICO 30x30x10 cm,Un,material,51935.0,false
CAJA STRIP TELEFÓNICO 40x40x10 cm,Un,material,93015.0,false
CAJA STRIP TELEFÓNICO 60x60x10 cm,Un,material,134095.0,false
CAJA STRIP TELEFÓNICO 90x60x10 cm,Un,material,169924.0,false
CAL AGRÍCOLA,Kg,material,879.0,false
CAL HIDRATADA,Kg,material,1909.0,false
CALADO EN CEMENTO 10x20x20 cm,Un,material,4553.0,false
CALADO EN GRES 10x20x20 cm,Un,material,2562.0,false
CALENTADOR DE ACUMULACIÓN A GAS DE 10 Gal,Un,material,1845043.0,false
CALENTADOR DE ACUMULACIÓN A GAS DE 15 Gal,Un,material,2108587.0,false
CALENTADOR DE ACUMULACIÓN ELÉCTRICO DE 10 Gal,Un,material,1546873.0,false
CALENTADOR DE ACUMULACIÓN ELÉCTRICO DE 15 Gal,Un,material,1734007.0,false
CALENTADOR DE PASO A GAS DE 10 Lt,Un,material,1559347.0,false
CALENTADOR DE PASO A GAS DE 13 Lt,Un,material,1644665.0,false
CAMABAJA,Hr,transporte,274244.0,false
CAMIONETA,Hr,transporte,40835.0,false
CAMIONETA 300 DE ESTACAS,Hr,transporte,53086.0,false
CAMISA DE TRABAJO,Un,mano_obra,26541.0,false
CAMIÓN 350,Hr,transporte,65335.0,false
CAMIÓN GRÚA 6 Ton,Hr,transporte,184000.0,false
CAMIÓN PLATAFORMA 10 Ton,Hr,transporte,112981.0,false
CAMIÓN SLURRY,Hr,equipo,198529.0,false
"CAMPANA EXTRACTORA 60 cm, 3 VELOCIDADES",Un,material,334900.0,false
"CAMPANA ISLA 90 cm, 3 VELOCIDADES",Un,material,1882900.0,false
"CAMPANA PENÍNSULA 60 cm, 3 VELOCIDADES",Un,material,1579900.0,false
CANAL 90 0.43 mm x 2.44 m,Un,material,9282.0,false
CANAL PVC AMAZONA x 3 m,Un,material,144149.0,false
CANALETA DLP 60 x 16 mm 3 COMPARTIMIENTOS,Un,material,62867.0,false
CANALETA DLP 75 x 20 mm 3 COMPARTIMIENTOS,Un,material,75488.0,false
"CANASTILLA LAVAPLATOS 4""",Un,material,12868.0,false
"CANASTILLA PASAJUNTAS (D= 25 mm, L= 350 mm)",m,material,58782.0,false
CANDADO TIPO ITALIANO 50 mm,Un,material,66233.0,false
CANECA METÁLICA DE 55 Gal,Un,equipo,57969.0,false
CANTONERA ELÉCTRICA DE 110V REF. 730,Un,material,143045.0,false
"CAPACETE GALV. 1""",Un,material,8132.0,false
"CAPACETE GALV. 2""",Un,material,28864.0,false
"CAPACETE GALV. 3""",Un,material,199138.0,false
"CAPACETE GALV. 4""",Un,material,219233.0,false
CAPTAFARO (en grado diamante),Un,material,27144.0,false
CARETA PARA SOLDAR CON VISOR,Un,otro,44710.0,false
CARETA VISOR POLICARBONATO Y RIBETE,Un,equipo,58994.0,false
CARGADOR CON OPERARIO,Hr,equipo,243979.0,false
CARPINTERO,Mes,mano_obra,2050905.0,false
CARPINTERO (Incl. prestaciones),Día,mano_obra,126864.0,true
"CARRETA BUGGIE, PALA, BALDES",Un,equipo,407600.0,true
"CARRETA BUGGIE, PALA, ZAPAPICO",Un,equipo,461487.0,true
CARRETA LLANTA NEUMÁTICA,Un,equipo,354062.0,false
"CARROTANQUE DE AGUA 10,000 L",Hr,equipo,105231.0,false
CARROTANQUE IRRIGADOR DE ASFÁLTO,Hr,equipo,121021.0,false
CARTÓN CORRUGADO,m2,material,3381.0,false
CASCO DE SEGURIDAD,Un,otro,41522.0,false
CASETÓN EN ESTERILLA h= 20 cm,m2,material,28416.0,true
CASETÓN EN ESTERILLA h= 30 cm,m2,material,35951.0,true
CASETÓN EN ESTERILLA h= 35 cm,m2,material,40408.0,true
CASETÓN EN ESTERILLA h= 40 cm,m2,material,44830.0,true
CASETÓN EN ICOPOR,m3,material,261992.0,false
CASETÓN EN ICOPOR h= 25 cm,m2,material,83329.0,true
CASETÓN EN ICOPOR h= 35 cm,m2,material,114282.0,true
CASETÓN EN ICOPOR h= 40 cm,m2,material,129775.0,true
CASETÓN EN ICOPOR h= 45 cm,m2,material,145234.0,true
CASETÓN EN MADERA h= 20 cm,m2,material,21408.0,false
CASETÓN EN MADERA h= 30 cm,m2,material,22751.0,false
CASETÓN EN MADERA h= 35 cm,m2,material,24758.0,false
CASETÓN EN MADERA h= 40 cm,m2,material,26763.0,false
CEBADERO PLÁSTICO CONTROL ROEDORES,Un,equipo,33593.0,false
CELADOR 8H/DÍA,Mes,mano_obra,1950905.0,false
CELADOR 8H/NOCHE,Mes,mano_obra,2633721.75,false
CEMENTO BLANCO,Kg,material,1900.0,false
CEMENTO GRIS,Kg,material,660.0,false
"CEPILLO 9¾"" 12-174 GLOBAL CORRUGADO ACERO",Un,equipo,199576.0,false
CEPILLO DE ALAMBRE,Un,equipo,31851.0,false
CEPILLO DE MANO PLÁSTICO,Un,equipo,11134.0,false
CEPILLO PARA PISO,Un,equipo,23336.0,false
CERA PARA PISO,Gal,material,83897.0,false
CERCHA METÁLICA DE 3.0 m,Día,equipo,386.0,false
CERRADURA DE INCRUSTAR CILINDRO DOBLE,Un,material,155898.0,false
CERRADURA DE SOBREPONER 3 GOLPES,Un,material,144094.0,false
CERRADURA DE SOBREPONER CON ROSETA,Un,material,208685.0,false
CERRADURA PARA PUERTA ENROLLABLE,Un,material,208522.0,false
CERRADURA PICOLORO NÍQUEL,Un,material,155122.0,false
CERRADURA PUERTA ALCOBA POMO MADERA,Un,material,58297.0,false
CERRADURA PUERTA BAÑO POMO MADERA,Un,material,56980.0,false
CERRADURA PUERTA ENTRADA POMO CROMADO,Un,material,312738.0,false
CERRADURA PUERTA ENTRADA POMO MADERA,Un,material,80210.0,false
CERRADURA PUERTA OFICINA POMO MADERA,Un,material,80210.0,false
CERÁMICA PISO PARED 20.5x20.5 cm,m2,material,39900.0,false
CERÁMICA PISO PARED 20.5x30.5 cm,m2,material,41699.0,false
CERÁMICA PISO PARED 25.0x35.0 cm,m2,material,43646.0,false
CERÁMICA PISO PARED 33.8x33.8 cm,m2,material,44465.0,false
CHALECO REFLECTIVO,Un,otro,34302.0,false
"CHAZO CON TORNILLO 10 x 3""",Un,material,765.0,false
"CHAZO CON TORNILLO 12-14 x 2""",Un,material,765.0,false
"CHAZO EXPANSIVO 3/8"" x 2 1/2""",Un,material,1120.0,false
"CHEQUE CORTINA HIERRO GRIS Ø= 6""",Un,material,3124846.0,false
"CHEQUE CORTINA SELLO METÁLICO Ø= 1 1/2""",Un,material,399452.0,false
"CHEQUE CORTINA SELLO METÁLICO Ø= 1 1/4""",Un,material,316444.0,false
"CHEQUE CORTINA SELLO METÁLICO Ø= 1""",Un,material,173967.0,false
"CHEQUE CORTINA SELLO METÁLICO Ø= 1/2""",Un,material,77964.0,false
"CHEQUE CORTINA SELLO METÁLICO Ø= 2 1/2""",Un,material,1050685.0,false
"CHEQUE CORTINA SELLO METÁLICO Ø= 2""",Un,material,548044.0,false
"CHEQUE CORTINA SELLO METÁLICO Ø= 3""",Un,material,1665228.0,false
"CHEQUE CORTINA SELLO METÁLICO Ø= 3/4""",Un,material,120005.0,false
"CHEQUE CORTINA SELLO METÁLICO Ø= 4""",Un,material,3045659.0,false
CIELO RASO EN DURACUSTIC Y ALUMINIO NATURAL,Sub/m2,otro,87755.0,false
CIELO RASO EN ICOPOR Y ALUMINIO NATURAL,Sub/m2,otro,58619.0,false
CIELO RASO EN PVC,Sub/m2,otro,90021.0,false
CIERRA PUERTA BRAZO HIDRÁULICO 45 Kg,Un,material,168698.0,false
CILINDRO COMPACTADOR BENITÍN DE 300 Kg,Hr,equipo,110958.0,false
"CINCEL 3/4"" ACERO TEMPLADO",Un,equipo,34781.0,false
CINTA ADHESIVA TRANSPARENTE,m,material,126.0,false
CINTA AISLANTE SUPER 33 x 20 m,Un,material,23312.0,false
CINTA ANTIDESLIZANTE a= 48 mm (Resistencia UV),m,material,13063.0,false
CINTA AUTOADHESIVA PARA SELLADO DE JUNTAS,m,material,1776.0,false
"CINTA BANDIT DE 3/4""",m,material,5358.0,false
"CINTA BANDIT DE 5/8""",m,material,4566.0,false
"CINTA DE ENMASCARAR 1""",m,material,202.0,false
CINTA DE SEÑALIZACIÓN a=7 cm,m,material,197.0,false
CINTA DOBLE FAZ 18 mm x 1 m,Rollo,material,20832.0,false
CINTA MÉTRICA x 5 m,Un,equipo,22090.0,false
CINTA PAPEL SELLAPANEL,m,material,210.0,false
"CINTA TEFLÓN 1/2"" x 10 m",Un,material,1538.0,false
CITÓFONO URMET,Un,material,71165.0,false
"CIZALLA CORTAPERNOS 24""",Un,equipo,157320.0,false
CIZALLA DE PALANCA CON DADOS,Día,equipo,18756.0,false
CLAVIJA EN CAUCHO POLO A TIERRA 15A,Un,material,9797.0,false
"CLAVO DE ACERO GUARDAESCOBA 1""",Lb,material,8439.0,false
CLIP TIPO C SENCILLO,Un,material,4947.0,false
CLORO DESINFECTANTE,Lt,material,8386.0,false
CLOSET EN MADECOR 15 mm CON PUERTAS,Sub/m2,otro,656660.0,false
CLOSET EN TRIPLEX CON PUERTAS,Sub/m2,otro,466776.0,false
"CODAL DE ALUMINIO 3"" x 1 1/2"" x 3 m",Un,equipo,45021.0,false
"CODO ACERO AL CARBÓN ROSCADO 1""",Un,material,6695.0,false
"CODO ACERO AL CARBÓN ROSCADO 1/2""",Un,material,3618.0,false
"CODO ACERO AL CARBÓN ROSCADO 3/4""",Un,material,4084.0,false
CODO BAJANTE PVC AMAZONA,Un,material,12205.0,false
"CODO COBRE 1/2""",Un,material,1993.0,false
"CODO COBRE 3/4""",Un,material,4918.0,false
"CODO COBRE 3/8""",Un,material,1993.0,false
"CODO GALVANIZADO 1""",Un,material,7673.0,false
"CODO GALVANIZADO 1/2""",Un,material,3292.0,false
"CODO GALVANIZADO 2""",Un,material,30295.0,false
"CODO GALVANIZADO 3""",Un,material,85273.0,false
"CODO GALVANIZADO 3/4""",Un,material,5002.0,false
"CODO GALVANIZADO 4""",Un,material,154748.0,false
"CODO GAS GALVANIZADO 1/2""",Un,material,3130.0,false
"CODO GAS GALVANIZADO 3/4""",Un,material,4836.0,false
CODO PARA DUCTO PORTACABLE METÁLICO 20x7.5 cm,m,material,115118.0,false
"CODO PE-AL-PE 1/2""",Un,material,10911.0,false
"CODO PRESIÓN CPVC 1 1/2""",Un,material,42104.0,false
"CODO PRESIÓN CPVC 1 1/4""",Un,material,23903.0,false
"CODO PRESIÓN CPVC 1""",Un,material,11777.0,false
"CODO PRESIÓN CPVC 1/2""",Un,material,2219.0,false
"CODO PRESIÓN CPVC 1/2"" x 45°",Un,material,2219.0,false
"CODO PRESIÓN CPVC 2""",Un,material,82741.0,false
"CODO PRESIÓN CPVC 3/4""",Un,material,4009.0,false
"CODO PRESIÓN CPVC 3/4"" x 45°",Un,material,4009.0,false
"CODO PRESIÓN CPVC SCH 80 1 1/2""",Un,material,73324.0,false
"CODO PRESIÓN CPVC SCH 80 1 1/4""",Un,material,58224.0,false
"CODO PRESIÓN CPVC SCH 80 1""",Un,material,30360.0,false
"CODO PRESIÓN CPVC SCH 80 1/2""",Un,material,15337.0,false
"CODO PRESIÓN CPVC SCH 80 2""",Un,material,121828.0,false
"CODO PRESIÓN CPVC SCH 80 3/4""",Un,material,17775.0,false
"CODO PRESIÓN PVC 1 1/2""",Un,material,10163.0,false
"CODO PRESIÓN PVC 1 1/2"" x 45°",Un,material,11037.0,false
"CODO PRESIÓN PVC 1 1/4""",Un,material,5441.0,false
"CODO PRESIÓN PVC 1 1/4"" x 45°",Un,material,8230.0,false
"CODO PRESIÓN PVC 1""",Un,material,2835.0,false
"CODO PRESIÓN PVC 1"" x 45°",Un,material,4551.0,false
"CODO PRESIÓN PVC 1/2""",Un,material,906.0,false
"CODO PRESIÓN PVC 1/2"" x 45°",Un,material,1494.0,false
"CODO PRESIÓN PVC 2 1/2""",Un,material,47965.0,false
"CODO PRESIÓN PVC 2 1/2"" x 45°",Un,material,51441.0,false
"CODO PRESIÓN PVC 2""",Un,material,16655.0,false
"CODO PRESIÓN PVC 2"" x 45°",Un,material,18247.0,false
"CODO PRESIÓN PVC 3""",Un,material,62073.0,false
"CODO PRESIÓN PVC 3"" x 45°",Un,material,58750.0,false
"CODO PRESIÓN PVC 3/4""",Un,material,1450.0,false
"CODO PRESIÓN PVC 3/4"" x 45°",Un,material,2390.0,false
"CODO PRESIÓN PVC 4""",Un,material,134663.0,false
"CODO PRESIÓN PVC 4"" x 45°",Un,material,124992.0,false
"CODO PRESIÓN PVC PLATINO 2""",Un,material,83605.0,false
"CODO PRESIÓN PVC PLATINO 3""",Un,material,125895.0,false
"CODO PRESIÓN PVC PLATINO 4""",Un,material,166769.0,false
"CODO PRESIÓN PVC SCH 80 1 1/2""",Un,material,18286.0,false
"CODO PRESIÓN PVC SCH 80 1 1/4""",Un,material,18284.0,false
"CODO PRESIÓN PVC SCH 80 2 1/2""",Un,material,51718.0,false
"CODO PRESIÓN PVC SCH 80 2""",Un,material,24884.0,false
"CODO PRESIÓN PVC SCH 80 3""",Un,material,61201.0,false
"CODO PRESIÓN PVC SCH 80 4""",Un,material,86144.0,false
"CODO PRESIÓN PVC SCH 80 6""",Un,material,258029.0,false
"CODO RANURADO HIERRO DÚCTIL SCH 40 1 1/2""",Un,material,16502.0,false
"CODO RANURADO HIERRO DÚCTIL SCH 40 1 1/4""",Un,material,15106.0,false
"CODO RANURADO HIERRO DÚCTIL SCH 40 2 1/2""",Un,material,40829.0,false
"CODO RANURADO HIERRO DÚCTIL SCH 40 2""",Un,material,27687.0,false
"CODO RANURADO HIERRO DÚCTIL SCH 40 3""",Un,material,55375.0,false
"CODO RANURADO HIERRO DÚCTIL SCH 40 4""",Un,material,73555.0,false
"CODO RANURADO HIERRO DÚCTIL SCH 40 6""",Un,material,138447.0,false
"CODO RANURADO HIERRO DÚCTIL SCH 40 8""",Un,material,406937.0,false
"CODO SANITARIO PVC 1 1/2"" x 45° CxC",Un,material,4596.0,false
"CODO SANITARIO PVC 1 1/2"" x 45° CxE",Un,material,4596.0,false
"CODO SANITARIO PVC 1 1/2"" x 90° CxC",Un,material,3973.0,false
"CODO SANITARIO PVC 1 1/2"" x 90° CxE",Un,material,4854.0,false
"CODO SANITARIO PVC 2"" x 45° CxC",Un,material,5574.0,false
"CODO SANITARIO PVC 2"" x 45° CxE",Un,material,5574.0,false
"CODO SANITARIO PVC 2"" x 90° CxC",Un,material,4656.0,false
"CODO SANITARIO PVC 2"" x 90° CxE",Un,material,5741.0,false
"CODO SANITARIO PVC 3"" x 45° CxC",Un,material,11979.0,false
"CODO SANITARIO PVC 3"" x 45° CxE",Un,material,11979.0,false
"CODO SANITARIO PVC 3"" x 90° CxC",Un,material,10784.0,false
"CODO SANITARIO PVC 3"" x 90° CxE",Un,material,12485.0,false
"CODO SANITARIO PVC 4"" x 45° CxC",Un,material,21098.0,false
"CODO SANITARIO PVC 4"" x 45° CxE",Un,material,21098.0,false
"CODO SANITARIO PVC 4"" x 90° CxC",Un,material,18752.0,false
"CODO SANITARIO PVC 4"" x 90° CxE",Un,material,23118.0,false
"CODO SANITARIO PVC 6"" x 90° CxC",Un,material,158729.0,false
"CODO SANITARIO PVC 8"" x 90° CxC",Un,material,253109.0,false
"COLLAR DE DERIVACIÓN UNIÓN PLATINO 2"" x 1/2""",Un,material,21637.0,false
"COLLAR DE DERIVACIÓN UNIÓN PLATINO 2"" x 3/4""",Un,material,14110.0,false
"COLLAR DE DERIVACIÓN UNIÓN PLATINO 3"" x 1/2""",Un,material,30842.0,false
"COLLAR DE DERIVACIÓN UNIÓN PLATINO 3"" x 3/4""",Un,material,27140.0,false
"COLLAR DE DERIVACIÓN UNIÓN PLATINO 4"" x 1/2""",Un,material,31379.0,false
"COLLAR DE DERIVACIÓN UNIÓN PLATINO 4"" x 3/4""",Un,material,29835.0,false
COMBO SANITARIO y LAVAMANOS ACUACER PLUS CON PEDESTAL,Un,material,404729.0,false
COMBO SANITARIO y LAVAMANOS ACUARIO FÉNIX CON PEDESTAL,Un,material,626055.0,false
COMBO SANITARIO y LAVAMANOS AVANTI PLUS CON PEDESTAL,Un,material,730715.0,false
COMBO SANITARIO y LAVAMANOS ECOCLEAN CON PEDESTAL,Un,material,704464.0,false
COMBO SANITARIO y LAVAMANOS MONTECARLO NOVO VALENCIA,Un,material,964494.0,false
COMBO SANITARIO y LAVAMANOS SAN GIORGIO CON PEDESTAL,Un,material,936535.0,false
COMBO SANITARIO y LAVAMANOS SMART AL BONE CON PEDESTAL,Un,material,890400.0,false
COMISIÓN TOPOGRÁFICA,Día,mano_obra,391698.0,true
COMPACTADOR DE NEUMÁTICOS,Hr,equipo,174437.0,false
COMPACTADOR MANUAL (CANGURO),Día,equipo,74994.0,false
COMPACTADOR MANUAL (RANA),Día,equipo,58531.0,false
COMPACTADOR VIBRATORIO,Hr,equipo,192557.0,false
COMPRESOR DE 120 lb,Día,equipo,78300.0,false
COMPRESOR NEUMÁTICO 1 MARTILLO,Hr,equipo,204188.0,false
"COMPUTADOR PORTÁTIL 15.6"" RAM 4 Gb",Un,material,1808124.0,false
"CONCERTINA 20"" ACERO INOXIDABLE",m,material,27506.0,false
CONCRETADORA ELÉCTRICA DE 1 SACO,Día,equipo,48287.0,false
CONCRETO 11.7 MPa,m3,material,436857.0,true
CONCRETO 13.8 MPa,m3,material,453674.0,true
CONCRETO 17.2 MPa,m3,material,490186.0,true
CONCRETO 17.2 MPa (Impermeabilizado),m3,material,528797.0,true
CONCRETO 20.7 MPa,m3,material,521421.0,true
CONCRETO 20.7 MPa (Impermeabilizado),m3,material,565009.0,true
CONCRETO 20.7 MPa (Premezclado),m3,material,541820.0,false
CONCRETO 24.2 MPa,m3,material,557085.0,true
CONCRETO 24.2 MPa (Impermeabilizado),m3,material,605437.0,true
CONCRETO 24.2 MPa (Premezclado),m3,material,562224.0,false
CONCRETO 27.6 MPa,m3,material,584900.0,true
CONCRETO 27.6 MPa (Impermeabilizado),m3,material,637588.0,true
CONCRETO 27.6 MPa (Premezclado),m3,material,583342.0,false
CONCRETO ASFÁLTICO MDC-2,m3,material,912237.0,false
CONCRETO CICLÓPEO,m3,material,376702.0,true
CONCRETO PAVIMENTO MR-41,m3,material,757813.0,false
CONCRETO PAVIMENTO MR-42,m3,material,767324.0,false
CONECTOR COAXIAL TIPO F,Un,material,4412.0,false
CONECTOR DE RANURAS,Un,material,5331.0,false
"CONECTOR EMT GALVANIZADO 1""",Un,material,2332.0,false
"CONECTOR EMT GALVANIZADO 1/2""",Un,material,979.0,false
"CONECTOR EMT GALVANIZADO 3/4""",Un,material,1462.0,false
"CONECTOR GALVANIZADO DE 1/8""",Un,material,65.0,false
"CONECTOR GAS NATURAL 3/8"" x 2 m AMARILLO",Un,material,36171.0,false
CONECTOR MC4 HEMBRA,Un,material,6152.0,false
CONECTOR MC4 MACHO,Un,material,6152.0,false
CONECTOR PARA DECK STEEL,Un,material,4351.0,false
CONECTOR PARA VARILLA COOPER WELD,Un,material,9710.0,false
CONO PVC CON CINTA REFLECTIVA,Un,equipo,75711.0,false
CONTENEDOR OFICINA 20 Pies,Mes,equipo,1247107.0,false
CONTENEDOR OFICINA 40 Pies,Mes,equipo,2284932.0,false
"COPA CONCÉNTRICA ROSCADA 1"" x 1/2""",Un,material,44928.0,false
"COPA CONCÉNTRICA ROSCADA 1"" x 3/4""",Un,material,44928.0,false
CORBATAS METÁLICAS,Un,material,1072.0,false
CORDÓN DETONANTE DE 12 g,m,material,3612.0,false
CORTA TUBOS,Un,equipo,100647.0,false
CORTA VIDRIO PROFESIONAL,Un,equipo,25397.0,false
CORTACIRCUITO 12-15 Kv,Un,material,268694.0,false
CORTACIRCUITO ENCHUFABLE TERMOMAGNÉTICO AUTOMÁTICO BIPOLAR 10 kA a 120/240 V - 15-30 A,Un,material,108350.0,false
CORTACIRCUITO ENCHUFABLE TERMOMAGNÉTICO AUTOMÁTICO BIPOLAR 10 kA a 120/240 V - 40-60 A,Un,material,130849.0,false
CORTACIRCUITO ENCHUFABLE TERMOMAGNÉTICO AUTOMÁTICO MONOPOLAR 10 kA a 120/240 V - 15-30 A,Un,material,26906.0,false
CORTACIRCUITO ENCHUFABLE TERMOMAGNÉTICO AUTOMÁTICO MONOPOLAR 10 kA a 120/240 V - 40-60 A,Un,material,28462.0,false
CORTACIRCUITO ENCHUFABLE TERMOMAGNÉTICO AUTOMÁTICO TRIPOLAR 10 kA a 120/240 V - 15-30 A,Un,material,240694.0,false
CORTACIRCUITO ENCHUFABLE TERMOMAGNÉTICO AUTOMÁTICO TRIPOLAR 10 kA a 120/240 V - 40-60 A,Un,material,252532.0,false
CORTADOR DE GRAMA SINTÉTICA,Un,equipo,239476.0,false
CORTADOR TUBERÍA PE-AL-PE,Un,equipo,282430.0,false
CORTADORA DE CERÁMICA,Un,equipo,225185.0,false
CORTADORA DE LADRILLO,Día,equipo,35118.0,false
CORTADORA DE PAVIMENTO,Día,equipo,433953.0,false
"CORTINA METÁLICA ENROLLABLE DE LAMAS DE LÁMINA DE ACERO GALVANIZADO, PANEL CIEGO y CAJÓN RECOGEDOR",Sub/m2,material,182740.0,false
COSTAL O SACO DE FIBRA,Un,material,966.0,false
CRISTANAC CERÁMICO 30.0x30.0 cm,m2,material,206462.0,false
CRUCETA PLÁSTICA,Un,material,39.0,false
CUADRILLA 1 OF + 1 AY,Día,mano_obra,248136.0,true
CUADRILLA 1 OF + 2 AY,Día,mano_obra,358221.0,true
CUADRILLA 1 OF + 3 AY,Día,mano_obra,468306.0,true
CUADRILLA 1 OF + 4 AY,Día,mano_obra,578391.0,true
CUADRILLA 1 OF + 5 AY,Día,mano_obra,688476.0,true
CUADRILLA 2 Ay,Día,mano_obra,220170.0,true
CUADRILLA 2 OF + 2 AY,Día,mano_obra,496272.0,true
CUADRILLA 2 OF + 4 AY,Día,mano_obra,716442.0,true
CUADRILLA 2 OF + 5 AY,Día,mano_obra,826527.0,true
CUADRILLA 3 Ay,Día,mano_obra,330255.0,true
CUADRILLA 4 Ay,Día,mano_obra,440340.0,true
CUADRILLA CARPINTERÍA,Día,mano_obra,248135.0,true
CUADRILLA ELECTRICISTA,Día,mano_obra,259322.0,true
CUADRILLA HERRERÍA,Día,mano_obra,804153.0,true
CUADRILLA PINTURA,Día,mano_obra,248135.0,true
CUADRILLA PLOMERÍA,Día,mano_obra,253728.0,true
CUADRILLA SOLDADURA,Día,mano_obra,255837.0,true
"CUARTÓN (LARGUERO) 2"" x 4""",m,material,5470.0,false
CUBIERTA ARQUITECTÓNICA ACESCO,m2,material,34705.0,false
CUBIERTA SANDWICH DECK TIPO C HUNTER DOUGLAS,m2,material,287129.0,false
CUBIERTA SENCILLA TIPO C HUNTER DOUGLAS,m2,material,164075.0,false
CUBIERTA STANDING SEAM Cal. 24 PREPINTADA,m2,material,73189.0,false
"CUBIERTA STANDING SEAM Cal. 28 TIPO SANDWICH, NÚCLEO EN POLIURETANO EXPANDIDO",m2,material,184729.0,false
CUBIERTA TRAPEZOIDAL CORPATECHO Cal. 26,m2,material,50119.0,false
"CURVA EMT GALVANIZADA 1 1/2""",Un,material,12015.0,false
"CURVA EMT GALVANIZADA 1""",Un,material,6300.0,false
"CURVA EMT GALVANIZADA 1/2""",Un,material,1832.0,false
"CURVA EMT GALVANIZADA 2""",Un,material,17580.0,false
"CURVA EMT GALVANIZADA 3""",Un,material,57139.0,false
"CURVA EMT GALVANIZADA 3/4""",Un,material,3590.0,false
"CURVA EMT GALVANIZADA 4""",Un,material,105489.0,false
"CURVA IMC GALVANIZADA 1""",Un,material,12087.0,false
"CURVA IMC GALVANIZADA 2""",Un,material,38347.0,false
"CURVA IMC GALVANIZADA 3""",Un,material,171588.0,false
"CURVA IMC GALVANIZADA 4""",Un,material,234256.0,false
"CURVA PVC CONDUIT 1 1/2"" x 90",Un,material,12951.0,false
"CURVA PVC CONDUIT 1 1/4"" x 90",Un,material,8947.0,false
"CURVA PVC CONDUIT 1"" x 90",Un,material,5083.0,false
"CURVA PVC CONDUIT 1/2"" x 90",Un,material,1677.0,false
"CURVA PVC CONDUIT 2"" x 90",Un,material,23916.0,false
"CURVA PVC CONDUIT 3/4"" x 90",Un,material,2682.0,false
"CURVA PVC CONDUIT SCH 40 1 1/2"" x 90",Un,material,18171.0,false
"CURVA PVC CONDUIT SCH 40 1 1/4"" x 90",Un,material,13115.0,false
"CURVA PVC CONDUIT SCH 40 1"" x 90",Un,material,8551.0,false
"CURVA PVC CONDUIT SCH 40 1/2"" x 90",Un,material,2722.0,false
"CURVA PVC CONDUIT SCH 40 2"" x 90",Un,material,29294.0,false
"CURVA PVC CONDUIT SCH 40 3/4"" x 90",Un,material,5004.0,false
"CURVA PVC DUCTO GRAN RADIO 2"" x 90",Un,material,27534.0,false
"CURVA PVC DUCTO GRAN RADIO 3"" x 90",Un,material,69114.0,false
"CURVA PVC DUCTO GRAN RADIO 4"" x 90",Un,material,121324.0,false
"CURVA PVC TDP GRAN RADIO 4"" x 90",Un,material,61470.0,false
CUÑA DE POSTENSADO,Un,material,25404.0,false
CUÑA HIDRÁULICA (10 Tiros),Un,equipo,51041.0,false
CUÑETE PLÁSTICO DE 5 Gal,Un,equipo,12012.0,false
"DECK STEEL 2"" GRADO 40 Cal. 22",m2,material,70062.0,false
"DECK STEEL 3"" GRADO 40 Cal. 22",m2,material,77855.0,false
DEFENSA VIAL TRAMO RECTO EFECTIVO 3.81 m,Un,material,805087.0,false
DESAGÜE SENCILLO CROMADO,Un,material,16694.0,false
DESBOBINADORA DE CABLE,Día,equipo,47444.0,false
DESTAPA CUÑETES PLÁSTICO,Un,equipo,3977.0,false
DESTAPADOR DE CAÑERÍAS,Día,equipo,74557.0,false
DESTORNILLADOR,Un,equipo,18035.0,false
DETECTOR DE HUMO FOTOELÉCTRICO,Un,material,323016.0,false
DETECTOR DE VOLTAJE,Un,equipo,24188.0,false
DIABLO ROJO x 350 gr,Un,material,11729.0,false
DIBUJANTE ARQUITECTÓNICO,Mes,mano_obra,1950905.0,false
DILATACIÓN DE BRONCE,m,material,14535.0,false
DILATACIÓN DE PVC,m,material,2821.0,false
DILATACIÓN DE VIDRIO,m,material,517.0,false
DINAMITA INDUGEL PLUS,Kg,material,19955.0,false
"DISCO COPA 4x2""",Un,equipo,222423.0,false
"DISCO DE LIJA 7""",Un,equipo,123663.0,false
"DISCO DIAMANTADO 7""",Un,equipo,151318.0,false
"DISCO PULIR METAL 9""",Un,equipo,24769.0,false
"DISCO SIERRA CIRCULAR 7 1/4""",Un,equipo,78265.0,false
DISOLVENTE,Gal,material,63260.0,false
DISOLVENTE PARA PINTURA TRÁFICO,Gal,material,65196.0,false
DISOLVENTE VARSOL INCOLORO,Gal,material,48278.0,false
DISPENSADOR DE JABÓN LÍQUIDO,Un,material,68455.0,false
DISPENSADOR DE PAPEL HIGIÉNICO,Un,material,125074.0,false
DISPENSADOR DE TOALLAS DE PAPEL,Un,material,92475.0,false
DISTANCIADOR DE CONCRETO,Un,material,715.0,false
DISTRIBUIDOR DE AGREGADOS GRAVILLADORA,Hr,equipo,136881.0,false
DIVISIÓN ORINAL 96x46 cm EN ACERO INOX. Cal. 18,Sub/Un,material,590978.0,false
DIVISIÓN PARA BAÑO EN ACERO INOX. Cal. 18,Sub/m2,material,1049665.0,false
DIVISIÓN PARA BAÑO EN ACRILICO Y ALUMINIO,Sub/m2,material,287546.0,false
DIVISIÓN PARA BAÑO EN LÁMINA Cal. 20,Sub/m2,material,359433.0,false
DIVISIÓN PARA BAÑO EN VIDRIO TEMPLADO 8 mm,Sub/m2,material,654365.0,false
DOBLADORA DE ESTRIBOS MANUAL,Un,equipo,177912.0,false
DOTACIÓN LABORAL,Un,otro,195680.0,true
"DRYWALL 1.22 m x 2.44 m x 1/2""",Un,material,48496.0,false
DUCHA ELÉCTRICA 110V,Un,material,129624.0,false
DUCTO PARA TENSIONAMIENTO,Hr,equipo,15646.0,false
DUCTO PORTACABLE METÁLICO 20x7.5 cm,m,material,76470.0,false
DUROPISO 33.8x33.8 cm,m2,material,44900.0,false
"ELEVADOR GAS DE ½""",Un,material,72567.0,false
EMULSION ASFÁLTICA PX-900,Gal,material,26518.0,false
EMULSIÓN ASFÁLTICA (Impermeabilizante asfáltico para cubiertas y terrazas),Kg,material,12294.0,false
EMULSIÓN ASFÁLTICA CRL-0,Lt,material,1535.0,false
EMULSIÓN ASFÁLTICA CRR-1,Lt,material,2815.0,false
EMULSIÓN ASFÁLTICA CRR-2,Lt,material,2972.0,false
EMULSIÓN ASFÁLTICA PARA PAVIMENTO,Gal,material,14864.0,false
ENCHAPE DE GRES FACHALETA LISA 24x7 cm,m2,material,37189.0,false
ENCHAPE PIEDRA CREMA e= 20 mm,m2,material,121183.0,false
ENSAYO CBR,Un,otro,370152.0,false
ENSAYO CILINDRO A COMPRESIÓN,Un,otro,21917.0,false
ENSAYO DE CONCRETO RESISTENCIA A LA COMPRESIÓN,Un,otro,272118.0,true
ENSAYO DE CONCRETO RESISTENCIA A LA FLEXIÓN,Un,otro,283998.0,true
ENSAYO VIGUETA A FLEXIÓN,Un,otro,76947.0,false
ENTIBADO DISCONTINUO EN MADERA,m2,material,22498.0,true
EQUIPO DE OXICORTE,Día,equipo,36582.0,false
EQUIPO DE SOLDADURA,Día,equipo,83311.0,true
EQUIPO DE TERMOFUSIÓN A TOPE PARA TUBERÍA POLIVINÍLICA,Día,equipo,401289.0,false
EQUIPO DE TOPOGRAFÍA,Día,equipo,186568.0,false
EQUIPO HIDRONEUMÁTICO HYDRO-MAC BOMBA JET 1 HP TANQUE VERTICAL 170 Lt,Un,material,2957361.0,false
EQUIPO MÓVIL PARA DEMARCACIÓN VIAL,Hr,equipo,176408.0,false
EQUIPO PARA PERFORACIÓN DE PILOTE BARRENADO,Hr,equipo,711218.0,false
EQUIPO PARA PINTURA,Día,equipo,94063.0,true
EQUIPO SANDBLASTING,Día,equipo,65775.0,false
ESCALERA DE ALUMINIO EN TIJERA 6 PASOS,Un,equipo,308825.0,false
ESCOBA,Un,equipo,19288.0,false
ESCOBA PARA CÉSPED,Un,equipo,33187.0,false
ESCRITORIO PARA COMPUTADOR,Un,material,271218.0,false
ESPEJO CLARO DE 3 mm,m2,material,77161.0,false
ESPEJO CLARO DE 4 mm,m2,material,87091.0,false
ESPEJO CLARO DE 5 mm,m2,material,97022.0,false
ESPEJO CON MARCO MADERA 60x70 cm,Un,material,178117.0,false
ESPEJO FLOTADO BISELADO 3 mm,m2,material,118427.0,false
ESPEJO FLOTADO BISELADO 4 mm,m2,material,128357.0,false
ESPEJO FLOTADO BISELADO 5 mm,m2,material,138288.0,false
ESPÁTULA DE CAUCHO PARA EMBOQUILLAR,Un,equipo,33835.0,false
"ESPÁTULA DE METAL 2""",Un,equipo,19590.0,false
"ESPÁTULA DE METAL 4""",Un,equipo,24123.0,false
ESQUINERO EN PVC DE ALTO IMPACTO TEXTURIZADO 4x4 cm x 2.00 m,Un,material,66085.0,false
ESQUINERO PLÁSTICO BLANCO 2x2 cm x 2.40 m,Un,material,5592.0,false
ESTACÓN EN MADERA Ø= 10 cm x 2.5 m,Un,material,48131.0,false
ESTERILLA DE GUADUA 3.00x0.25 m,Un,material,7874.0,false
ESTOPA DE LIMPIEZA (Hilaza de Algodón),Kg,material,10419.0,false
ESTUCO ACRÍLICO,Kg,material,3873.0,false
ESTUCOR ESTUCO EN POLVO,Kg,material,2036.0,false
ESTUCOR ESTUCO PLÁSTICO,Kg,material,3525.0,false
ESTUFA EMPOTRAR 4-P A GAS,Un,material,854900.0,false
ESTUFA EMPOTRAR CRISTAL NEGRO 4-P A GAS,Un,material,1192900.0,false
EXCAVADORA,Hr,equipo,294719.0,false
EXTENSIÓN ELÉCTRICA ENCAUCHETADA 3x12 x 10 m,Un,equipo,63480.0,false
EXTINTOR ABC DE 10 lb,Un,material,111024.0,false
EXTINTOR BC DE 10 lb,Un,material,105303.0,false
EXTINTOR CO2 DE 10 lb,Un,material,1850151.0,false
EXTINTOR H20 DE 10 lb,Un,material,303564.0,false
EXTRACTOR DE AIRE PARA BAÑO 18x18 cm 110V,Un,material,254452.0,false
FACE PLATE DOBLE RJ45,Un,material,24959.0,false
FACHALETA LADRILLO 2 CARAS 24x5x6.5 cm,Un,material,1090.0,false
FAJA LUMBAR,Un,equipo,79405.0,false
FAROL COLONIAL 70W,Un,material,1351684.0,false
FAROL COLONIAL DE PEDESTAL 70W,Un,material,828651.0,false
FERTILIZANTE 15-15-15,Kg,material,3396.0,false
"FIBRA DE VIDRIO 2""",m2,material,71304.0,false
"FLOTADOR TANQUE DE COBRE 1 1/2""",Un,material,512425.0,false
"FLOTADOR TANQUE DE COBRE 1""",Un,material,279602.0,false
"FLOTADOR TANQUE DE COBRE 1/2""",Un,material,152412.0,false
"FLOTADOR TANQUE DE COBRE 3/4""",Un,material,156693.0,false
"FLOTADOR TANQUE PLÁSTICO 1""",Un,material,174148.0,false
"FLOTADOR TANQUE PLÁSTICO 1/2""",Un,material,76606.0,false
"FLOTADOR TANQUE PLÁSTICO 3/4""",Un,material,80764.0,false
FLUXÓMETRO PARA SANITARIO INSTITUCIONAL,Un,material,1024073.0,false
FLUXÓMETRO PARA SANITARIO SENSOR AUTOMÁTICO,Un,material,1261516.0,false
FLUXÓMETRO SLOAN PARA SANITARIO INSTITUCIONAL,Un,material,941352.0,false
FORMALETA,m2,material,86363.0,true
FORMALETA COLUMNA 0.25x0.25 x 2.40 m,Día,equipo,27180.0,false
FORMALETA COLUMNA 0.25x0.30 x 2.40 m,Día,equipo,27180.0,false
FORMALETA COLUMNA 0.30x0.30 x 2.40 m,Día,equipo,27180.0,false
FORMALETA COLUMNA 0.30x0.60 x 2.40 m,Día,equipo,30120.0,false
FORMALETA COLUMNA 0.35x0.40 x 2.40 m,Día,equipo,29147.0,false
FORMALETA COLUMNA 0.35x0.50 x 2.40 m,Día,equipo,30120.0,false
FORMALETA COLUMNA 0.40x0.40 x 2.40 m,Día,equipo,29147.0,false
FORMALETA COLUMNA 0.40x0.50 x 2.40 m,Día,equipo,30120.0,false
FORMALETA COLUMNA 0.40x0.60 x 2.40 m,Día,equipo,31113.0,false
FORMALETA COLUMNA 0.45x0.50 x 2.40 m,Día,equipo,31113.0,false
FORMALETA COLUMNA 0.50x0.50 x 2.40 m,Día,equipo,31113.0,false
FORMALETA COLUMNA 0.50x0.60 x 2.40 m,Día,equipo,32087.0,false
FORMALETA COLUMNA 0.60x0.60 x 2.40 m,Día,equipo,33065.0,false
FORMALETA COLUMNA CIRCULAR 0.25-0.30 x 2.40 m,Día,equipo,29400.0,false
FORMALETA COLUMNA CIRCULAR 0.35-0.40 x 2.40 m,Día,equipo,31850.0,false
FORMALETA COLUMNA CIRCULAR 0.45-0.50 x 2.40 m,Día,equipo,39200.0,false
FORMALETA COLUMNA CIRCULAR 0.55-0.60 x 2.40 m,Día,equipo,46554.0,false
FORMALETA CONO MANHOLE Ø= 1.20 m,Día,equipo,37197.0,false
"FORMALETA CONO SLUMP y VARILLA 5/8"" x 60 cm",Día,equipo,5703.0,false
FORMALETA CUERPO MANHOLE Ø= 1.20 m,Día,equipo,37197.0,false
FORMALETA METÁLICA FORSA,Gl/Día,equipo,183766.0,false
FORMALETA METÁLICA MURO,Día,equipo,28164.0,false
FORMALETA PAVIMENTO,Día,equipo,3380.0,false
FORMALETA PILA/CAISSON,Día,equipo,7182.0,false
FORMALETA T,m2,material,164259.0,true
FORMALETA T 19 mm 1.22x2.44 m,Un,material,234716.0,false
FOTOCELDA,Un,material,31848.0,false
FRESADORA DE PAVIMENTO 255 HP,Hr,equipo,179622.0,false
"FRESCASA 2 1/2"" (sin papel)",m2,material,13364.0,false
"FRESCASA 3 1/2"" (con foil)",m2,material,31279.0,false
"FRESCASA 3 1/2"" (con papel)",m2,material,23969.0,false
"FRESCASA 3 1/2"" (sin papel)",m2,material,16890.0,false
FULMINANTE,Un,material,950.0,false
FUMIGADORA MANUAL,Un,equipo,197522.0,false
FUNDIDORA,Hr,equipo,400120.0,false
FUSIBLE ALTA TENSIÓN,Un,material,9860.0,false
GABINETE CONTRA INCENDIO,Un,material,395586.0,false
GABINETE DE BAÑO 50x45x12 cm,Un,material,272700.0,false
GABINETE INCENDIO 60x30 Cal. 22,Un,material,131029.0,false
GAFAS DE SEGURIDAD,Un,equipo,8406.0,false
GANCHO PARA TEJA GALVANIZADO,Un,material,938.0,false
GASOLINA,Gal,material,16182.0,false
GATO PARA TENSIONAMIENTO (Fuerza máx. 200 Ton),Hr,equipo,190906.0,false
GEL ANTIBACTERIAL,Lt,material,17532.0,false
GEODREN PLANAR h= 1.00 m,m2,material,37223.0,false
GEOMEMBRANA HDPE 30 mils,m2,material,20228.0,false
GEOMEMBRANA HDPE 40 mils,m2,material,23906.0,false
GEOTEXTIL NO TEJIDO 1600,m2,material,3855.0,false
GEOTEXTIL TEJIDO 2400,m2,material,6933.0,false
GORRO LEGIONARIO SOLDADOR,Un,otro,53014.0,false
GRAMA SINTÉTICA 7 mm x 350 g,m2,material,28617.0,false
GRAMOQUÍN,m2,material,98821.0,false
GRANIPLAST,Cñ,material,167995.0,false
GRANITO #2 (Blanco) 25 Kg,Bt,material,15870.0,false
GRANITO #2 (Negro) 25 Kg,Bt,material,14109.0,false
GRANOTEX,Cñ,material,91141.0,false
"GRAPA ABRAZADERA METÁLICA SENCILLA 1""",Un,material,414.0,false
"GRAPA ABRAZADERA METÁLICA SENCILLA 1/2""",Un,material,189.0,false
"GRAPA ABRAZADERA METÁLICA SENCILLA 2""",Un,material,1329.0,false
"GRAPA ABRAZADERA METÁLICA SENCILLA 3/4""",Un,material,238.0,false
"GRAPA DE FIJACIÓN GEOMALLA DE 3/8"" x 60 cm",Un,material,1357.0,false
"GRAPA PARA CERCA DE ALAMBRE DE PÚAS 1"" x 9",Kg,material,9642.0,false
GRAPA PLÁSTICA PARA ZUNCHO,Un,material,79.0,false
GRASA PARA RODAMIENTOS,Gal,material,19964.0,false
GRAVILLA,m3,material,150875.0,false
GRAVILLA #2,Bt,material,15005.0,false
GRIFERÍA BAÑERA CON MEZCLADOR JAZMÍN,Un,material,542108.0,false
GRIFERÍA DUCHA MEZCLADOR BALTA,Un,material,152900.0,false
GRIFERÍA DUCHA MEZCLADOR PISCIS,Un,material,141400.0,false
GRIFERÍA DUCHA MONOCONTROL KORAL,Un,material,361900.0,false
GRIFERÍA DUCHA MONOCONTROL THAMES,Un,material,499100.0,false
GRIFERÍA DUCHA SENCILLA BALTA,Un,material,86400.0,false
GRIFERÍA DUCHA SENCILLA PISCIS,Un,material,79900.0,false
GRIFERÍA LAVAMANOS FÉNIX,Un,material,156439.0,false
GRIFERÍA LAVAMANOS MARRUECOS,Un,material,221672.0,false
GRIFERÍA LAVAMANOS NOGAL,Un,material,106203.0,false
GRIFERÍA LAVAMANOS PUSH,Un,material,315130.0,false
GRIFERÍA LAVAMANOS VENTO,Un,material,161106.0,false
GRIFERÍA LAVAPLATOS MONOCONTROL BARCELONA,Un,material,175740.0,false
GRIFERÍA LAVAPLATOS MÓNACO,Un,material,157673.0,false
GRIFERÍA LAVAPLATOS PISCIS,Un,material,116840.0,false
GRIFERÍA LAVAPLATOS PUSH,Un,material,257352.0,false
GRIFERÍA LAVAPLATOS SENCILLA GALAXIA,Un,material,135542.0,false
GRIFERÍA LLAVE INDIVIDUAL ARTESA,Un,material,45640.0,false
GRIFERÍA LLAVE SENSOR PARA LAVAMANOS,Un,material,459365.0,false
GRIFERÍA LLAVE SENSOR PARA LAVAPLATOS,Un,material,586825.0,false
GRIFERÍA ORINAL PUSH,Un,material,342968.0,false
GRIFERÍA ORINAL PUSH ANTIVANDÁLICA,Un,material,461522.0,false
GRIFERÍA ORINAL SENSOR AUTOMÁTICO,Un,material,464777.0,false
GRIFERÍA PARA BAÑERA CON MEZCLADOR,Un,material,381378.0,false
GROUTING 17.2 MPa,m3,material,501014.0,true
GROUTING 20.7 MPa,m3,material,523711.0,true
GRÚA 10 Ton,Hr,equipo,168965.0,false
GRÚA 15 Ton,Hr,equipo,189473.0,false
GRÚA 5 Ton,Hr,equipo,83303.0,false
"GRÚA TORRE de 50 m de FLECHA y 1,200 Kg de CARGA MÁX.",Mes,equipo,6043492.0,false
GUADAÑADORA,Día,equipo,72065.0,false
GUADUA CEPA,Un,material,7610.0,false
GUADUA SOBRE BASA,Un,material,5864.0,false
GUANTES DE NITRILO,Par,material,944.0,false
GUANTES DE VINILO,Par,material,927.0,false
GUANTES MULTIUSOS PARA ASEO,Par,material,35910.0,false
GUANTES SOLDADOR DE CARNAZA,Par,otro,54902.0,false
GUANTES VAQUETA,Par,otro,13304.0,false
GUARDA CAMILLA PVC 15 cm x 3 m Gris,Un,material,1081949.0,false
GUARDAESCOBA (PINO),m,material,7635.0,false
GUARDAESCOBA (VINISOL),m,material,7570.0,false
GUARDAESCOBA FLEXIBLE DE PVC 70x20 mm,m,material,16554.0,false
GUARDAESCOBA MDF DE 58x12 mm,m,material,11875.0,false
GUARDAVIVOS YESO DE PVC,m,material,1473.0,false
GÁRGOLA PREFABRICADA 30x15 cm,Un,material,10428.0,false
HACHAPICO DE 4.5 lb EN ACERO,Un,material,94575.0,false
"HEBILLAS BANDIT DE 3/4""",Un,material,1517.0,false
"HEBILLAS BANDIT DE 5/8""",Un,material,1323.0,false
HERBICIDA,Gal,material,197258.0,false
HERRAMIENTAS PARA ALBAÑIL,Un,equipo,351602.0,true
HERRAMIENTAS PARA CARPINTERO,Un,equipo,418330.0,true
HERRAMIENTAS PARA ELECTRICISTA,Un,equipo,330993.0,true
HERRAMIENTAS PARA HERRERO,Un,equipo,448439.0,true
HERRAMIENTAS PARA PINTOR,Un,equipo,204248.0,true
HERRAMIENTAS PARA PLOMERO,Un,equipo,377242.0,true
HERRERO,Mes,mano_obra,2050905.0,false
HERRERO (Incl. prestaciones),Día,mano_obra,126864.0,true
"HIDRANTE TIPO MILÁN 3"" EXTREMO BRIDA",Un,material,3779910.0,false
"HIDRANTE TIPO MILÁN 3"" EXTREMO LISO",Un,material,3437326.0,false
HIDROLAVADORA,Día,equipo,93528.0,false
HIDRORETENEDOR,Lb,material,34046.0,false
HIDROSELLO NOVAFORT 110 mm,Un,material,3760.0,false
HIDROSELLO NOVAFORT 160 mm,Un,material,6108.0,false
HIDROSELLO NOVAFORT 200 mm,Un,material,11040.0,false
"HIDROSELLO NOVAFORT 24""",Un,material,145940.0,false
HIDROSELLO NOVAFORT 250 mm,Un,material,19281.0,false
HIDROSELLO NOVAFORT 315 mm,Un,material,40447.0,false
HIDROSELLO NOVAFORT 355 mm,Un,material,42463.0,false
HIDROSELLO NOVAFORT 400 mm,Un,material,82369.0,false
HIDROSELLO NOVAFORT 500 mm,Un,material,133947.0,false
"HIDROSELLO NOVALOC 45""",Un,material,266390.0,false
"HIDROSELLO NOVALOC 51""",Un,material,275093.0,false
"HIDROSELLO NOVALOC 60""",Un,material,327303.0,false
HIDROSOLTA,Kg,material,8152.0,false
HILO PARA ALBAÑIL,m,material,94.0,false
HIPOCLORITO DE USO DOMÉSTICO,Lt,material,4386.0,false
HITO VIAL h= 0.75 m,Un,material,39018.0,false
HORNO DE EMPOTRAR A GAS,Un,material,908900.0,false
HORNO ELÉCTRICO MEDIO FORMATO 120V,Un,material,940900.0,false
IGASOL CUBIERTA (Impermeabilizante asfáltico para cubiertas),Kg,material,16360.0,false
IGOL CIMENTACIÓN (Protección impermeable para estructuras enterradas),Kg,material,26641.0,false
IGOL IMPRIMANTE (Imprimante asfáltico),Kg,material,27985.0,false
IMPRESORA MULTIFUNCIONAL DESKJET INK,Un,material,734551.0,false
IMPRIMACIÓN ACUOSA PARA MICROCEMENTO,Lt,material,32187.0,false
IMPRIMANTE ACRONAL,Lt,material,19302.0,false
INGENIERO DIRECTOR DE OBRA,Mes,mano_obra,6491208.0,false
INGENIERO RESIDENTE,Mes,mano_obra,3631882.0,false
INSECTICIDA PARA EL CONTROL DE PLAGAS DE INSECTOS,Lt,material,63614.0,false
INSPECTOR DE OBRA,Mes,mano_obra,2250905.0,false
INTERRUPTOR CONMUTABLE DOBLE,Un,material,27261.0,false
INTERRUPTOR CONMUTABLE SENCILLO,Un,material,18441.0,false
INTERRUPTOR CONMUTABLE TRIPLE,Un,material,36606.0,false
INTERRUPTOR DOBLE,Un,material,22988.0,false
INTERRUPTOR DOBLE INTELIGENTE WIFI,Un,material,146450.0,false
INTERRUPTOR SENCILLO,Un,material,16845.0,false
INTERRUPTOR SENCILLO + TOMACORRIENTE,Un,material,29131.0,false
INTERRUPTOR SENCILLO + TOMACORRIENTE INTELIGENTE WIFI,Un,material,126250.0,false
INTERRUPTOR SENCILLO INTELIGENTE WIFI,Un,material,141400.0,false
INTERRUPTOR TRIPLE,Un,material,33401.0,false
INTERRUPTOR TRIPLE INTELIGENTE WIFI,Un,material,155540.0,false
INYECTORA DE LECHADA,Día,equipo,268844.0,false
JABÓN DETERGENTE EN POLVO,Kg,material,13400.0,false
JABÓN LÍQUIDO ANTIBACTERIAL,Lt,material,6316.0,false
JACUZZI EN FIBRA DE VIDRIO 1.60 m x 0.80 m,Un,material,7752323.0,false
JACUZZI EN FIBRA DE VIDRIO 1.80 m x 1.80 m,Un,material,29018525.0,false
JACUZZI EN FIBRA DE VIDRIO 1.81 m x 1.23 m,Un,material,11063392.0,false
JUEGO DE INCRUSTACIONES ALLEGRO x 4,Un,material,52672.0,false
JUEGO DE INCRUSTACIONES ALLEGRO x 5,Un,material,97626.0,false
JUEGO DE INCRUSTACIONES ELITE x 7,Un,material,147722.0,false
JUEGO DE INCRUSTACIONES PALERMO CROMO x 6,Un,material,241054.0,false
JUEGO INFANTIL EN PINO (Básico),Un,material,4708172.0,false
JUEGO INFANTIL EN PINO (Completo),Un,material,10982917.0,false
JUNTA DE DILATACIÓN DE ELASTÓMERO,Kg,material,7012.0,false
"JUNTA DE EXPANSIÓN PVC SANITARIA 3""",Un,material,47948.0,false
"JUNTA DE EXPANSIÓN PVC SANITARIA 4""",Un,material,54743.0,false
"JUNTA DE EXPANSIÓN PVC SANITARIA 6""",Un,material,109708.0,false
JUNTA SELLANTE GOMAESPUMA,m,material,74742.0,false
KIT ARNÉS PARA ALTURAS,Un,equipo,781614.0,false
KIT SILLA TEE PVC NOVAFORT 160x110 mm,Un,material,179951.0,false
KIT SILLA TEE PVC NOVAFORT 200x110 mm,Un,material,208002.0,false
KIT SILLA TEE PVC NOVAFORT 200x160 mm,Un,material,208002.0,false
KIT SILLA TEE PVC NOVAFORT 250x110 mm,Un,material,235139.0,false
KIT SILLA TEE PVC NOVAFORT 250x160 mm,Un,material,235139.0,false
KIT SILLA TEE PVC NOVAFORT 315x110 mm,Un,material,353563.0,false
KIT SILLA TEE PVC NOVAFORT 315x160 mm,Un,material,353563.0,false
KIT SILLA YEE PVC NOVAFORT 160x110 mm,Un,material,179951.0,false
KIT SILLA YEE PVC NOVAFORT 200x110 mm,Un,material,208002.0,false
KIT SILLA YEE PVC NOVAFORT 200x160 mm,Un,material,208002.0,false
KIT SILLA YEE PVC NOVAFORT 250x110 mm,Un,material,235139.0,false
KIT SILLA YEE PVC NOVAFORT 250x160 mm,Un,material,235139.0,false
KIT SILLA YEE PVC NOVAFORT 315x110 mm,Un,material,353563.0,false
KIT SILLA YEE PVC NOVAFORT 315x160 mm,Un,material,353563.0,false
LACA PARA MADERA,Gal,material,68285.0,false
LADRILLO CARAVISTA 7x10x24 cm,Un,material,1118.0,false
LADRILLO CARTAGENA 30x10x4.5 cm,Un,material,3139.0,false
LADRILLO CATALÁN 10x15x30 cm HORIZONTAL,Un,material,2678.0,false
LADRILLO ESTRUCTURAL 10x12x30 cm,Un,material,2009.0,false
LADRILLO FAROL 10x20x30 cm,Un,material,1655.0,false
LADRILLO FAROL 12x20x30 cm,Un,material,2151.0,false
LADRILLO PRENSADO LIVIANO 6x12x24 cm,Un,material,3178.0,false
LADRILLO RAYADO 10x20x40 cm,Un,material,2093.0,false
LADRILLO RAYADO 15x20x40 cm,Un,material,3315.0,false
LADRILLO SANTAFÉ 24.5x12x5.5 cm,Un,material,2009.0,false
LADRILLO TOLETE 7.5x12x24 cm,Un,material,1139.0,false
LAVADERO PLÁSTICO 60x60 cm,Un,material,180231.0,false
LAVADERO PREFABRICADO EN CERÁMICA 70x60 cm,Un,material,313492.0,false
LAVADERO PREFABRICADO EN GRANITO 80x60 cm,Un,material,287385.0,false
LAVAMANOS ACUACER DE COLGAR BLANCO,Un,material,90827.0,false
LAVAMANOS ACUACER DE COLGAR COLOR,Un,material,95980.0,false
LAVAMANOS AQUAJET INSTITUCIONAL BLANCO,Un,material,552292.0,false
LAVAMANOS AVANTI BLANCO,Un,material,154354.0,false
LAVAMANOS AVANTI COLOR,Un,material,159509.0,false
LAVAMANOS CON PEDESTAL ACUACER BLANCO,Un,material,149207.0,false
LAVAMANOS CON PEDESTAL ACUACER COLOR,Un,material,159509.0,false
LAVAMANOS CON PEDESTAL AVANTI BLANCO,Un,material,193849.0,false
LAVAMANOS CON PEDESTAL AVANTI COLOR,Un,material,205865.0,false
LAVAMANOS CON PEDESTAL MILANO BLANCO,Un,material,152639.0,false
LAVAMANOS CON PEDESTAL MILANO COLOR,Un,material,161225.0,false
LAVAMANOS MARSELLA PARA SOBREPONER BLANCO,Un,material,231622.0,false
LAVAMANOS MARSELLA PARA SOBREPONER COLOR,Un,material,235056.0,false
LAVAMANOS MILANO BLANCO,Un,material,95980.0,false
LAVAMANOS MILANO COLOR,Un,material,99414.0,false
LAVAMANOS REDONDO ACERO INOX. PULIDO Ø= 30 cm,Un,material,201327.0,false
LAVAPLATOS 1.50 m ACERO INOXIDABLE,Un,material,522718.0,false
LAVAPLATOS 1.80 m ACERO INOXIDABLE,Un,material,607503.0,false
LAVAPLATOS 2.10 m ACERO INOXIDABLE,Un,material,753952.0,false
LAVAPLATOS 60x40 cm ACERO INOXIDABLE,Un,material,163021.0,false
LAVAPLATOS DOBLE 84x51 cm ACERO INOXIDABLE,Un,material,606219.0,false
LECHADA COLOREADA PARA PISO DE TERRAZO,Kg,material,4518.0,false
LECHADA PARA DUCTO DE TENSIONAMIENTO,Lt,material,1686.0,false
LIENZA DE 20 m,Un,equipo,19000.0,false
LIJA DE AGUA,Pliego,material,2099.0,false
LIJA SECA,Pliego,material,1341.0,false
"LIJADORA ORBITAL 5""",Un,equipo,784900.0,false
"LIJADORA ROTO ORBITAL 5""",Un,equipo,513900.0,false
"LIMA PLANA PARA USO GENERAL CON MANGO 8""",Un,equipo,25863.0,false
LIMPIADOR PVC (1/4 Gal),Un,material,69211.0,false
LIMPIEZA CON CHORRO DE ARENA (SAND BLASTING) EN SUPERFICIE METÁLICA,m2,otro,22649.0,true
LINTERNA LED RECARGABLE,Un,equipo,49900.0,false
"LISTÓN 1"" x 2""",m,material,1439.0,false
"LISTÓN 2"" x 2""",m,material,2867.0,false
"LISTÓN 2"" x 4""",m,material,5744.0,false
"LISTÓN 2"" x 6""",m,material,8612.0,false
LISTÓN WPC EKOWOOD 40 x 60 mm,m,material,25246.0,false
"LLANA METÁLICA DENTADA MANGO MADERA 11"" x 5""",Un,equipo,36055.0,false
"LLANA METÁLICA LISA MANGO MADERA 11"" x 5 """,Un,equipo,31578.0,false
"LLAVE BOCA FIJA 1/2""",Un,equipo,16754.0,false
"LLAVE BOCA FIJA 3/8""",Un,equipo,16161.0,false
LLAVE BRISTOL,Un,equipo,5347.0,false
"LLAVE DE ABASTO METÁLICA 1/2""",Un,material,46056.0,false
"LLAVE DE ABASTO PLÁSTICA 1/2""",Un,material,12019.0,false
"LLAVE EXPANSIÓN 12""",Un,equipo,87324.0,false
"LLAVE LAVADORA CROMADA DE 1/2""",Un,material,65499.0,false
LLAVE SPANNER DOS SERVICIOS,Un,material,46321.0,false
LLAVE SPANNER UN SERVICIO,Un,material,34739.0,false
"LLAVE STILLSON 12""",Un,equipo,97472.0,false
"LLAVE TERMINAL CROMADA DE 1/2""",Un,material,37269.0,false
"LLAVE TERMINAL DE COBRE DE 1/2""",Un,material,41309.0,false
LOCTIGAS FUERZA MEDIA 36M,Un,material,22149.0,false
LOSETA TÁCTIL ALERTA 6x40x40 cm,m2,material,108186.0,false
LOSETA TÁCTIL GUÍA 6x40x40 cm,m2,material,108186.0,false
LUBRICANTE,Kg,material,61971.0,false
"LUMINARIA CON TUBO FLUORESCENTE 2x32W (Incluye carcasa, tubos y sockets)",Un,material,156564.0,false
"LUMINARIA CON TUBO FLUORESCENTE 2x48W (Incluye carcasa, tubos y sockets)",Un,material,234844.0,false
LUMINARIA CON TUBO FLUORESCENTE DE INCRUSTAR 2x32W T8,Un,material,189773.0,false
LUMINARIA DE ALUMBRADO PÚBLICO BRP230 65W,Un,material,477400.0,false
LUMINARIA LED HERMÉTICA 2x18W T8,Un,material,125680.0,false
LUMINARIA MERCURIO 125W,Un,material,184383.0,false
LUMINARIA MERCURIO 250W,Un,material,268434.0,false
LUMINARIA MERCURIO 400W,Un,material,616446.0,false
LUMINARIA METAL HALIDE 250W-220V,Un,material,1536299.0,false
LUMINARIA METAL HALIDE 400W-220V,Un,material,1495976.0,false
LUMINARIA SODIO 250W,Un,material,1026874.0,false
LUZ ESTROBO PARED ROJA,Un,material,241505.0,false
"LÁMINA ALFAJOR 1/8""",m2,material,150208.0,false
LÁMINA COLD ROLLED Cal. 18,m2,material,66702.0,false
LÁMINA DE CARTONPLAST 1.50 m x 2.00 m x 3 mm,Un,material,69767.0,false
LÁMINA DE ESPUMA DE POLIETILENO DE ALTA DENSIDAD e= 3 mm,m2,material,2746.0,false
LÁMINA DE ZINC ONDULADA 2.10 m x 0.80 m,Un,material,25908.0,false
LÁMINA EN POLICARBONATO ALVEOLAR 4 mm,m2,material,38946.0,false
LÁMINA GALVANIZADA Cal. 20,m2,material,51551.0,false
LÁMINA GALVANIZADA Cal. 22,m2,material,42887.0,false
LÁMINA GALVANIZADA Cal. 26,m2,material,22674.0,false
LÁMINA PERFORADA METÁLICA Cal. 18,m2,material,128112.0,false
"LÁMINA POLIESTIRENO (ICOPOR) 1""",m2,material,9351.0,false
"LÁMINA POLIESTIRENO (ICOPOR) 1/2""",m2,material,4674.0,false
LÁMINA TRIPLEX 4 mm 1.22x2.44 m,Un,material,60130.0,false
LÁMPARA DE EMERGENCIA LED 2.4W 120/240V,Un,material,102165.0,false
LÁMPARA DOWNLIGHT LED 13W,Un,material,65708.0,false
LÁMPARA DOWNLIGHT LED 26W,Un,material,120158.0,false
LÁMPARA DOWNLIGHT LED 2x26W,Un,material,226564.0,false
LÁMPARA ESPECULAR 60x60 4X18W T8,Un,material,174682.0,false
"LÁMPARA SLIM LINE 2x48""",Un,material,260858.0,false
"LÁMPARA SLIM LINE 2x96""",Un,material,478555.0,false
LÁMPARAS TIPO SPOT CON RIEL DE 1 m x 3 Und DE 10W,Un,material,159025.0,false
"MACHETE 18""",Un,equipo,25137.0,false
MADERA GUAYACÁN,Un,material,108964.0,false
MADERA PINO,Un,material,67501.0,false
MAESTRO DE OBRA,Mes,mano_obra,2750905.0,false
"MALACATE TIRFOR 1,600 Kg CON CABLE DE ACERO",Un,equipo,1341916.0,false
MALLA BALONCESTO,Un,material,31376.0,false
MALLA CON VENA 2.00x0.50 m,Un,material,12106.0,false
MALLA DE FIBRA DE VIDRIO ANTIÁLCALIS 70 g/m²,m2,material,3606.0,false
MALLA DE FIBRA DE VIDRIO ANTIÁLCALIS 80 g/m²,m2,material,5229.0,false
"MALLA DE GALLINERO 1""",m2,material,3172.0,false
MALLA DE SEGURIDAD PLÁSTICA NARANJA,m2,material,2139.0,false
MALLA ELECTROSOLDADA 4.0 mm 15x15 cm,m2,material,9825.0,false
MALLA ELECTROSOLDADA 4.0 mm 20x20 cm,m2,material,7389.0,false
MALLA ELECTROSOLDADA 4.0 mm 25x25 cm,m2,material,6057.0,false
MALLA ELECTROSOLDADA 4.5 mm 15X15 cm,m2,material,12485.0,false
MALLA ELECTROSOLDADA 5.0 mm 15x15 cm,m2,material,15160.0,false
MALLA ELECTROSOLDADA 5.5 mm 15X15 cm,m2,material,18368.0,false
MALLA ELECTROSOLDADA 6.0 mm 15x15 cm,m2,material,21794.0,false
MALLA ELECTROSOLDADA 6.5 mm 15X15 cm,m2,material,25657.0,false
MALLA ELECTROSOLDADA 7.0 mm 15x15 cm,m2,material,29665.0,false
MALLA ELECTROSOLDADA 7.5 mm 15X15 cm,m2,material,34039.0,false
MALLA ELECTROSOLDADA 8.0 mm 15x15 cm,m2,material,38853.0,false
MALLA ELECTROSOLDADA 8.5 mm 15x15 cm,m2,material,43808.0,false
"MALLA ESLABONADA GALV. Cal. 12 x 2 ½""",m2,material,16070.0,false
MALLA ESLABONADA RECUBIERTA EN PVC,m2,material,21467.0,false
"MALLA FIBRA DE VIDRIO FLEXIBLE ANTIALCALIS a=25 cm, 90 g/m²",m,material,638.0,false
MALLA GAVIÓN TRIPLE TORSIÓN Cal. 13,m3,material,66474.0,false
MALLA MOSQUITO,m2,material,27918.0,false
MALLA PLANA RG2,m2,material,7012.0,false
MALLA PORTERÍA DE FÚTBOL 7.30 x 2.40 m,Par,material,379550.0,false
MALLA PORTERÍA DE MICROFÚTBOL 3.00 x 2.00 m,Par,material,201532.0,false
MANGAS DE CARNAZA,Par,otro,71240.0,false
"MANGUERA ACOPLADA Ø= 1 1/2"" x 30 m",Un,material,395360.0,false
"MANGUERA ACOPLADA Ø= 2 1/2"" x 30 m",Un,material,823061.0,false
"MANGUERA CORRUGADA SUCCIÓN Ø= 2"" x 4.5 m",Un,material,177232.0,false
"MANGUERA CORRUGADA SUCCIÓN Ø= 3"" x 4.5 m",Un,material,318406.0,false
"MANGUERA DE DESAGÜE Ø= 2"" FLEXIBLE",m-Día,equipo,992.0,false
MANGUERA DE NIVEL x 10 m,Un,equipo,5692.0,false
"MANGUERA PARA AGUA Ø= 1/2"" x 50 m",Un,equipo,64339.0,false
MANGUERA PARA COMPRESOR DE AIRE x 10 m,Día,equipo,2076.0,false
MANIJA EXTERIOR PARA BARRA ANTIPÁNICO TAMPA,Un,material,169958.0,false
MANTO FIBERGLASS FORCE PRO 3,m2,material,25822.0,false
MANTO IMPERFIT (Tela asfáltica impermeable para techo),m2,material,5886.0,false
MANTO PERMANENTE TRM 500,m2,material,22258.0,false
MANTO PERMANENTE TRM 550,m2,material,23582.0,false
MANTO PIETRA PRO 3.5,m2,material,41784.0,false
MANÓMETRO DE PRESIÓN CON GLICERINA CONEXIÓN VERTICAL 0-200 PSI,Un,material,192157.0,false
MANÓMETRO DE PRESIÓN TIPO SECO CONEXIÓN VERTICAL 0-200 PSI,Un,material,110257.0,false
MARCO ANDAMIO DE TIJERA 1.50x1.50 m,Día,equipo,721.0,false
MARCO EN PERFIL DE ALUMINIO NATURAL PARA MOSQUITERO,m2,material,65297.0,false
MARCO PARA VENTANA PLOMADA BLINDADA LAMINA DE 1.5 mm (Para vidrio de 20 cm x 30 cm),Un,material,613979.0,false
MARCO PUERTA LAMINA Cal. 20 a=0.70 m,Un,material,142687.0,false
MARCO PUERTA LAMINA Cal. 20 a=0.80 m,Un,material,146970.0,false
MARCO PUERTA LAMINA Cal. 20 a=0.90 m,Un,material,151248.0,false
MARCO PUERTA LÁMINA Cal. 20 a=0.60 m,Un,material,139833.0,false
MARCO PUERTA MADERA a=0.60 m,Un,material,143156.0,false
MARCO PUERTA MADERA a=0.70 m,Un,material,148769.0,false
MARCO PUERTA MADERA a=0.80 m,Un,material,151578.0,false
MARCO PUERTA MADERA a=0.90 m,Un,material,157194.0,false
MARCO SEGUETA FIJO,Un,equipo,34434.0,false
MARMOLINA (Blanca) 40 Kg,Bt,material,19053.0,false
MARTILLO,Un,equipo,40297.0,false
MARTILLO DEMOLEDOR ELÉCTRICO,Día,equipo,135750.0,false
MASCARILLA CON RESPIRADOR DOBLE FILTRO,Un,equipo,25736.0,false
MASILLA BLER (Pasta para superficies metálicas),Gal,material,38377.0,false
MASILLA NEGRA PARA VIDRIO,Lb,material,3140.0,false
MASILLA PANEL-TEC,Gal,material,16646.0,false
MATERIAL DE AFIRMADO,m3,material,82356.0,false
MATERIAL DE AFIRMADO (ROCA MUERTA),m3,material,11184.0,false
MATERIAL SELECCIONADO,m3,material,90958.0,false
MAYÓLICA 20x20 cm,m2,material,32359.0,false
MAZO GOMA 16 oz,Un,equipo,38849.0,false
MEDIA CAÑA 2x2 cm (PINO),m,material,5147.0,false
"MEDIDOR AGUA DE 1""",Un,material,481779.0,false
"MEDIDOR AGUA DE 1/2""",Un,material,183608.0,false
"MEDIDOR AGUA DE 2""",Un,material,1422434.0,false
"MEDIDOR AGUA DE 3/4""",Un,material,297857.0,false
MEDIDOR ENERGÍA 120/208V TRIFÁSICO,Un,material,774882.0,false
MEDIDOR ENERGÍA 120V,Un,material,400570.0,false
MEDIDOR ENERGÍA 2F 120/240V,Un,material,556128.0,false
MEDIDOR GAS NATURAL DOMICILIARIO,Un,material,235633.0,false
MEMBRANA ACÚSTICA FIBERGLASS 3 mm,m2,material,29664.0,false
MEMBRANA DAMTEC STANDARD 3 mm,m2,material,8147.0,false
MERULEX I.F.A. (Inmunizante insecticida y fungicida para madera),Kg,material,42351.0,false
MESÓN QUARZTONE BLANCO POLAR,Sub/m2,material,663714.0,false
"METALDECK 2"" GRADO 40 Cal. 22",m2,material,61721.0,false
"METALDECK 3"" GRADO 40 Cal. 22",m2,material,64215.0,false
MEZCLADORA-BOMBEADORA PARA YESOS PROYECTADOS,Hr,equipo,5312.0,false
"MICROCEMENTO MONOCOMPONENTE COLOR BLANCO, COMPUESTO DE CEMENTO, AGREGADOS SELECCIONADOS Y ADITIVOS",Kg,material,13883.0,false
"MICROCEMENTO MONOCOMPONENTE TEXTURA LISA, COLOR BLANCO, COMPUESTO DE CEMENTO, AGREGADOS SELECCIONADOS Y ADITIVOS",Kg,material,12405.0,false
MICROESFERA REFLECTIVA PARA PINTURA TRÁFICO,Kg,material,8052.0,false
MINERAL ROJO,Kg,material,8922.0,false
MINICARGADOR CON OPERARIO,Hr,equipo,126209.0,false
MOLDE METÁLICO PARA CILINDRO DE CONCRETO,Día,equipo,4318.0,false
MOLDE METÁLICO PARA VIGUETA,Día,equipo,4659.0,false
MOLDURA DE YESO 5.5x5 cm,m,material,4000.0,false
"MOLINETE (Base, Freno y Manila de 15 m)",Día,equipo,6469.0,false
MONTACARGAS,Hr,equipo,113522.0,false
MORTERO 1:2,m3,material,588018.0,true
MORTERO 1:3,m3,material,479444.0,true
MORTERO 1:3 (Impermeabilizado),m3,material,753764.0,true
MORTERO 1:4,m3,material,426683.0,true
MORTERO 1:4 (Impermeabilizado),m3,material,647968.0,true
MORTERO 1:5,m3,material,389156.0,true
MORTERO 1:5 (Premezclado),m3,material,430255.0,false
MORTERO AUTONIVELANTE,Kg,material,4283.0,false
"MOTOBOMBA A GASOLINA 2""",Día,equipo,81144.0,false
"MOTOBOMBA SUMERGIBLE 2""",Día,equipo,67678.0,false
MOTONIVELADORA,Hr,equipo,262055.0,false
MOTOSIERRA,Día,equipo,147920.0,false
MUEBLE INFERIOR DE COCINA h= 90 cm,Sub/m,otro,955247.0,false
MUEBLE LAVADERO 60x70 cm,Un,material,572986.0,false
MUEBLE LAVAMANOS 60x40 cm,Un,material,316532.0,false
MUEBLE SUPERIOR DE COCINA h= 60 cm,Sub/m,otro,589379.0,false
MULTÍMETRO DIGITAL,Un,equipo,85999.0,false
MÁQUINA DE DECAPADO DE PISO,Día,equipo,24005.0,false
MÁRMOL NEGRO SAN GIL,Sub/m2,material,181194.0,false
NEUMÁTICO DE LLANTA,Un,material,49542.0,false
"NIPLE COMBINADO EN ACERO 2""",Un,material,22462.0,false
"NIPLE COMBINADO EN ACERO 3""",Un,material,41069.0,false
"NIPLE GALVANIZADO 1/2"" x 6""",Un,material,6558.0,false
"NIPLE GALVANIZADO 3/4"" x 6""",Un,material,8783.0,false
"NIPLE PASAMURO 2"" L= 0.85 m HD",Un,material,175061.0,false
"NIPLE PASAMURO 3"" L= 0.85 m HD",Un,material,361166.0,false
NIVEL DE BURBUJA,Un,equipo,51165.0,false
NUTRIENTES (Para remoción de especies vegetales),Kg,material,3909.0,false
OFICIAL,Mes,mano_obra,2250905.0,false
OFICIAL (Incl. prestaciones),Día,mano_obra,138051.0,true
OJO DE BUEY DIRIGIBLE,Un,material,30617.0,false
OMEGA 0.40 mm x 2.44 m,Un,material,4998.0,false
OPERARIO SOLDADOR,Mes,mano_obra,2150905.0,false
OPERARIO SOLDADOR (Incl. prestaciones),Día,mano_obra,134566.0,true
ORINAL MEDIANO BLANCO,Un,material,408071.0,false
ORINAL MEDIANO COLOR,Un,material,417613.0,false
PAJA VENDE AGUJA,Sub/m2,material,220124.0,false
PALA HOYADORA,Un,equipo,91982.0,false
PALA JARDINERA,Un,equipo,10064.0,false
PALA REDONDA CON CABO,Un,equipo,39378.0,false
PALETA SEÑALIZADORA PARE/SIGA,Un,equipo,43647.0,false
PALUSTRE,Un,equipo,16220.0,false
PALÍN,Un,equipo,43095.0,false
PANEL CELOSCREEN ALUZINC PERFORADO,m,material,22396.0,false
PANEL DE POLIESTIRENO EXPANDIDO e=8 cm,m2,material,57692.0,false
PANEL LED 30x120 cm 40W,Un,material,99900.0,false
PANEL LED 60x60 cm 40W,Un,material,80699.0,false
PANEL LED EMPOTRAR 12W,Un,material,15625.0,false
PANEL LED EMPOTRAR 18W,Un,material,20866.0,false
PANEL LED EMPOTRAR 24W,Un,material,31350.0,false
PANEL LED EMPOTRAR 6W,Un,material,11429.0,false
PANEL LED EMPOTRAR CUADRADO 18W,Un,material,22119.0,false
PANEL LED SOBREPONER 12W,Un,material,21875.0,false
PANEL LED SOBREPONER 18W,Un,material,29212.0,false
PANEL LED SOBREPONER 24W,Un,material,43891.0,false
PANEL LED SOBREPONER 6W,Un,material,16000.0,false
PANEL LED SOBREPONER CUADRADO 18W,Un,material,25149.0,false
PANEL PRODEMA - PRODEX,m2,material,218388.0,false
PANEL SOLAR 330W POLICRISTALINO LUXEN,Un,material,668529.42,false
PANTALÓN DE TRABAJO,Un,mano_obra,61038.0,false
PAPELERA PLÁSTICA CON PEDAL 5 Lt,Un,material,27820.0,false
PARAL 89 0.43 mm x 2.44 m,Un,material,10965.0,false
PARARRAYOS POLIMÉRICO 12 KV,Un,material,250691.0,false
PASACALLE EN LONA,m2,material,77548.0,false
PASACALLE EN TELA,m2,material,104830.0,false
"PASADOR METÁLICO DE 3""",Un,material,17592.0,false
PASTA DE YESO DE CONSTRUCCIÓN PARA PROYECTAR,m3,material,333164.0,false
PASTA FUNDENTE (8 onzas),Oz,material,16742.0,false
PATCH CORD UTP CAT 5E x 3.00 m,Un,material,12012.0,false
PATCH CORD UTP CAT 6A x 3.00 m,Un,material,15443.0,false
PATCH PANEL CAT 5E 24 PUERTOS,Un,material,171400.0,false
PATCH PANEL CAT 6A 24 PUERTOS,Un,material,514708.0,false
PATERNIT (1/4 Gal),Un,material,69763.0,false
PATIERO,Mes,mano_obra,1750905.0,false
PAÑO DE LIMPIEZA,Un,material,15749.0,false
PEGACOR CERÁMICO BLANCO,Kg,material,2165.0,false
PEGACOR CERÁMICO GRIS,Kg,material,1450.0,false
PEGANTE BOXER,Gal,material,93945.0,false
PEGANTE COLBÓN,Lt,material,18752.0,false
PEGANTE DE CONTACTO,Lt,material,30950.0,false
PEGANTE EPÓXICO,Kg,material,12490.0,false
PELACABLES,Un,equipo,25518.0,false
PELÍCULA DE SEGURIDAD PARA VIDRIO DE 4 micras,m2,material,48899.0,false
PELÍCULA DECORATIVA PARA VIDRIO,m2,material,36375.0,false
PERCHA DE 2 PUESTOS,m,material,9113.0,false
PERFIL C 100x50x1.5 mm,m,material,18402.0,false
PERFIL C 100x50x2.0 mm,m,material,22252.0,false
PERFIL C 120x60x1.5 mm,m,material,23342.0,false
PERFIL C 120x60x2.0 mm,m,material,28292.0,false
PERFIL C 150x50x1.5 mm,m,material,20829.0,false
PERFIL C 150x50x2.0 mm,m,material,27267.0,false
PERFIL C 160x60x1.5 mm,m,material,26852.0,false
PERFIL C 160x60x2.0 mm,m,material,36310.0,false
PERFIL C 200x50x2.0 mm,m,material,34641.0,false
PERFIL C 220x80x1.5 mm,m,material,36729.0,false
PERFIL C 300x65x2.0 mm,m,material,57307.0,false
PERFIL C 350x85x3.0 mm,m,material,103191.0,false
PERFIL C 355x110x3.0 mm,m,material,108391.0,false
PERFIL DE ALUMINIO PARA JUNTA DE DILATACIÓN,m,material,13273.0,false
"PERFIL DILATACIÓN ALUMINIO PLANO DE 3""",m,material,34380.0,false
PERFIL ENTREPISO 130x90 mm,m,material,35210.0,false
"PERFORACIÓN EN HÚMEDO CON CORONA DIAMANTADA DE 112 mm DE DIÁMETRO, EN PARAMENTO HORIZONTAL DE CONCRETO REFORZADO",Sub/m,otro,1011631.0,false
"PERFORACIÓN EN HÚMEDO CON CORONA DIAMANTADA DE 52 mm DE DIÁMETRO, EN PARAMENTO HORIZONTAL DE CONCRETO REFORZADO",Sub/m,otro,674419.0,false
"PERFORACIÓN EN HÚMEDO CON CORONA DIAMANTADA DE 82 mm DE DIÁMETRO, EN PARAMENTO HORIZONTAL DE CONCRETO REFORZADO",Sub/m,otro,843027.0,false
"PERNO ANCLAJE DE CUÑA DE 1/2"" x 3 3/4"" ZINCADO",Un,material,8910.0,false
"PERNO ANCLAJE DE CUÑA DE 1/4"" x 2 1/2"" ZINCADO",Un,material,4160.0,false
"PERNO ANCLAJE DE CUÑA DE 3/8"" x 3"" ZINCADO",Un,material,6752.0,false
PETO O DELANTAL SOLDADOR,Un,otro,58336.0,false
PIEDRA AMARILLA,m2,material,276438.0,false
PIEDRA MEDIA ZONGA,m3,material,130296.0,false
PINTOR,Mes,mano_obra,2050905.0,false
PINTOR (Incl. prestaciones),Día,mano_obra,126864.0,true
PINTUCOAT,Gal,material,251223.0,false
PINTURA ACRILTEX,Gal,material,100422.0,false
PINTURA ACRÍLICA ALTA ASEPSIA,Gal,material,121413.0,false
PINTURA ANTICORROSIVA ALQUÍDICA,Gal,material,93132.0,false
PINTURA ANTICORROSIVA PREMIUM,Gal,material,90919.0,false
PINTURA AROFLEX,Gal,material,238849.0,false
PINTURA BARNIZ,Gal,material,71699.0,false
PINTURA BIOCIDA,Gal,material,166051.0,false
PINTURA EPÓXICA,Gal,material,200759.0,false
PINTURA ESMALTE DOMÉSTICO,Gal,material,82748.0,false
PINTURA ESMALTE PINTULUX,Gal,material,106610.0,false
PINTURA IMPERMEABILIZANTE,Gal,material,137987.0,false
PINTURA KORAZA,Gal,material,122177.0,false
PINTURA TRÁFICO AMARILLA 659,Gal,material,151905.0,false
PINTURA TRÁFICO BLANCA 653,Gal,material,151905.0,false
PINTURA TRÁFICO NEGRO,Gal,material,141964.0,false
PINTURA VINILTEX,Gal,material,93795.0,false
PINZA MASA,Día,equipo,1044.0,false
PIRLÁN DE ALUMINIO NATURAL x 6 m,Un,material,8181.0,false
"PIRLÁN DE BRONCE 1""",m,material,30256.0,false
"PISAVIDRIO U ½"" x ½"" ANOLO",Un,material,16776.0,false
PISO DECK CALYPSO 10 mm,m2,material,99509.0,false
PISO LAMINADO DOMÉSTICO GENERAL 121.5 x 19.5 x 0.7 cm,m2,material,44900.0,false
PISO PIZARRA NATURAL 45x45 cm,m2,material,58536.0,false
PISO TOPEROL CAUCHO,m2,material,22304.0,false
PISTOLA DE FIJACIÓN,Un,equipo,723809.0,false
PISTÓLA COMPRESOR DE AIRE,Día,equipo,11903.0,false
PISTÓLA METÁLICA SILICONA,Un,equipo,9614.0,false
PISÓN MANUAL,Día,equipo,1964.0,false
PLACA ACTIVA,Kg,material,106864.0,false
PLACA DE ACERO,Kg,material,9511.0,false
"PLACA DE YESO 1.22 m x 2.44 m x 1/2""",Un,material,45236.0,false
"PLACA DE YESO 1.22 m x 2.44 m x 3/8""",Un,material,42439.0,false
PLACA ETERBOARD 6 mm 1.22x2.44 m,Un,material,59247.0,false
PLACA ETERBOARD 8 mm 1.22x2.44 m,Un,material,78996.0,false
PLACA HDMI SENCILLA CON CONECTOR HEMBRA,Un,material,35350.0,false
PLACA IDENTIFICACIÓN 2x1 cm,Un,material,2144.0,false
PLAFÓN LOSA,Un,material,4059.0,false
PLANCHA PARA UNIÓN,Un,equipo,530124.0,false
PLANTA DE MEZCLA CONCRETO ASFÁLTICO,Hr,equipo,351903.0,false
PLANTA ELÉCTRICA 6 kVA,Día,equipo,121939.0,false
PLANTA ELÉCTRICA DE EMERGENCIA 165 kVA,Un,material,85230708.0,false
PLANTA ELÉCTRICA DE EMERGENCIA 34 kVA,Un,material,43870686.0,false
PLANTA ELÉCTRICA DE EMERGENCIA 50 kVA,Un,material,47652641.0,false
PLANTA ELÉCTRICA DE EMERGENCIA 75 kVA,Un,material,51760624.0,false
PLANTA ELÉCTRICA DE EMERGENCIA 80 KVA,Un,material,53920318.0,false
PLANTA ORNAMENTAL h= 20-40 cm,Un,material,9814.0,false
PLANTA ORNAMENTAL h= 50-80 cm,Un,material,19627.0,false
PLASTOCRETE DM (Impermeabilizante y plastificante para concreto),Kg,material,24648.0,false
PLATAFORMA DE TIJERAS h= 14 m,Día,equipo,282678.0,false
PLATAFORMA METÁLICA PARA ANDAMIO,Día,equipo,3470.0,false
PLATO FLOTANTE PARA ALLANADORA,Día,equipo,14881.0,false
PLOMADA,Un,equipo,21525.0,false
PLOMERO,Mes,mano_obra,2150905.0,false
PLOMERO (Incl. prestaciones),Día,mano_obra,132457.0,true
PLUMA GRÚA MÓVIL 300 Kg - 60 m de CABLE,Día,equipo,58531.0,false
POCETA DE ASEO EN CERÁMICA 40x40x40 cm,Un,material,166188.0,false
POCETA DE ASEO EN GRANITO 42x42x25 cm,Un,material,152346.0,false
POLAINAS DE CARNAZA,Par,otro,71240.0,false
POLIETILENO CON BURBUJAS,m2,material,1272.0,false
POLIETILENO NEGRO Cal. 3.5,m2,material,1269.0,false
POLIETILENO TRANSPARENTE e= 0.2 mm,m2,material,561.0,false
POLISOMBRA 35%,m2,material,2577.0,false
POLISOMBRA 80%,m2,material,2901.0,false
POLVO DE LADRILLO,Kg,material,978.0,false
PORCELANATO 50x50 cm,m2,material,60012.0,false
PORCELANATO 60x60 cm,m2,material,82119.0,false
PORCELANATO GALAXY STONE DOBLEC 60x60 cm,m2,material,173498.0,false
PORCELANATO TIPO MADERA 19.5x88 cm (Beige),m2,material,93900.0,false
PORTAPANEL CELOSCREEN PASO 120,m,material,57500.0,false
PORTERÍA DE FÚTBOL 7.30 x 2.40 m,Un,material,2737390.0,false
PORTERÍA DE MICROFÚTBOL 3.00 x 2.00 m,Un,material,2380300.0,false
POSTE CERRAMIENTO CONCRETO 3.00 m,Un,material,62319.0,false
POSTE CONCRETO 11 m x 300 Kg,Un,material,1016853.0,false
POSTE CONCRETO 11 m x 510 Kg,Un,material,1131419.0,false
"POSTE CONCRETO 12 m x 1,050 Kg",Un,material,1924238.0,false
POSTE CONCRETO 12 m x 300 Kg,Un,material,1133156.0,false
POSTE CONCRETO 12 m x 510 Kg,Un,material,1228022.0,false
POSTE CONCRETO 12 m x 750 Kg,Un,material,1297180.0,false
"POSTE CONCRETO 13 m x 1,050 Kg",Un,material,2134380.0,false
POSTE CONCRETO 13 m x 750 Kg,Un,material,1693121.0,false
POSTE CONCRETO 9 m x 300 Kg,Un,material,716632.0,false
POSTE CONCRETO 9 m x 510 Kg,Un,material,750738.0,false
POSTE DE MADERA 8x8 cm x 1.5 m,Un,material,21439.0,false
POSTE DE MADERA 8x8 cm x 3.0 m,Un,material,42867.0,false
POSTE DE SEÑALIZACIÓN EN MADERA PINTADO + MUERTO EN CONCRETO,Un,material,24651.0,true
POSTE DE SEÑALIZACIÓN VIAL,Un,equipo,50147.0,false
"POSTE METÁLICO 11 m BRAZO SENCILLO, PINTADO",Un,material,2808243.0,false
"POSTE METÁLICO 12 m BRAZO SENCILLO, PINTADO",Un,material,3264190.0,false
"POSTE METÁLICO 9 m BRAZO SENCILLO, PINTADO",Un,material,2169220.0,false
POSTE PARA DEFENSA VIAL DE 1.50 m,Un,material,306695.0,false
PRADO CHINO,m2,material,30334.0,false
PRADO KIKUYO,m2,material,10294.0,false
PRADO MANÍ FORRAJERO,Un,material,1719.0,false
PRADO TRENZA,m2,material,8656.0,false
PROFESIONAL SISO (Seguridad Industrial y Salud Ocupacional),Mes,mano_obra,2993216.0,false
PROTECTOR AUDITIVO TIPO COPA,Un,equipo,40623.0,false
PUERTA ALUMINIO 1.00x2.00 m TABLILLA,Un,material,746139.0,false
PUERTA ALUMINIO BATIENTE 2 ALAS CON VIDRIO,Sub/m2,material,648431.0,false
PUERTA ALUMINIO CORREDIZA CON VIDRIO,Sub/m2,material,505957.0,false
PUERTA CORTAFUEGO 1.00x2.00 m (90 min),Un,material,5293004.0,false
PUERTA EN PINO MACIZA 0.90x2.05 m,Un,material,576808.0,false
"PUERTA ENROLLABLE PARA GARAJE FORMADA POR LAMAS DE LÁMINA LISA DE ALUMINIO EXTRUSIONADO, 3.00x2.50 m",Sub/Un,material,8163345.0,false
PUERTA LÁMINA Cal. 20 0.60x2.05 m,Un,material,461490.0,false
PUERTA LÁMINA Cal. 20 0.70x2.05 m,Un,material,468977.0,false
PUERTA LÁMINA Cal. 20 0.80x2.05 m,Un,material,483942.0,false
PUERTA LÁMINA Cal. 20 0.90x2.05 m,Un,material,513878.0,false
PUERTA MADERA 0.60x2.05 m ENTAMBORADA,Un,material,291443.0,false
PUERTA MADERA 0.70x2.05 m ENTAMBORADA,Un,material,295394.0,false
PUERTA MADERA 0.80x2.05 m ENTAMBORADA,Un,material,319750.0,false
PUERTA MADERA 0.90x2.05 m ENTAMBORADA,Un,material,337144.0,false
PUERTA VAIVÉN MADERA EN CELOSÍA 0.80X1.20 m,Un,material,300249.0,false
"PULIDORA ELÉCTRICA, CARETA CON VISOR, EXTENSIÓN ELÉCTRICA",Un,equipo,1151909.0,true
PULIDORA MANUAL ELÉCTRICA,Un,equipo,1029435.0,false
PULIDORA PARA PISOS DE CONCRETO,Día,equipo,24005.0,false
PULIDORA PARA PISOS DE TERRAZO,Día,equipo,24005.0,false
PULSADOR MANUAL DE ALARMA DIRECCIONABLE,Un,material,209302.0,false
PULSADOR SENCILLO PARA TIMBRE,Un,material,18441.0,false
"PUNTILLA 1 1/2"" a 3""",Lb,material,4233.0,false
"PUNTILLA 1""",Lb,material,5294.0,false
PÉRGOLA EN MADERA DE PINO CON ACABADO CEPILLADO,Sub/m2,material,28404.0,false
RADIO DE COMUNICACIÓN WALKIE TALKIE MOTOROLA T200 TALKABOUT,Par,material,452553.0,false
RASTRILLO AGRÍCOLA,Un,equipo,28659.0,false
RATICIDA PARA EL CONTROL DE PLAGAS DE ROEDORES,Kg,material,40168.0,false
RECEBO COMÚN,m3,material,82356.0,false
RECOGEDOR DE PISO EN PLÁSTICO,Un,equipo,20126.0,false
"REDUCCIÓN RANURADA HIERRO DÚCTIL SCH 40 1 1/2"" x 1 1/4""",Un,material,9231.0,false
"REDUCCIÓN RANURADA HIERRO DÚCTIL SCH 40 2"" x 1 1/2""",Un,material,11467.0,false
"REDUCCIÓN RANURADA HIERRO DÚCTIL SCH 40 4"" x 2""",Un,material,37480.0,false
"REDUCCIÓN RANURADA HIERRO DÚCTIL SCH 40 4"" x 3""",Un,material,37480.0,false
"REDUCCIÓN RANURADA HIERRO DÚCTIL SCH 40 6"" x 2""",Un,material,94814.0,false
"REDUCCIÓN RANURADA HIERRO DÚCTIL SCH 40 6"" x 3""",Un,material,94814.0,false
"REDUCCIÓN RANURADA HIERRO DÚCTIL SCH 40 6"" x 4""",Un,material,90896.0,false
REFLECTOR LED 250W,Un,material,488550.0,false
REFLECTOR LED 400W,Un,material,610689.0,false
"REGISTRO DE BOLA 1 1/2""",Un,material,132573.0,false
"REGISTRO DE BOLA 1""",Un,material,72966.0,false
"REGISTRO DE BOLA 1/2""",Un,material,25436.0,false
"REGISTRO DE BOLA 1/2"" (Gas)",Un,material,26977.0,false
"REGISTRO DE BOLA 2""",Un,material,207854.0,false
"REGISTRO DE BOLA 3/4""",Un,material,39822.0,false
"REGISTRO DE BOLA 3/4"" (Gas)",Un,material,38667.0,false
REGISTRO DE CORTE ANTIFRAUDE 1/2” x 1/2”,Un,material,28084.0,false
"REGISTRO DE CORTINA 1 1/2"" RED WHITE",Un,material,329468.0,false
"REGISTRO DE CORTINA 1 1/4"" RED WHITE",Un,material,244856.0,false
"REGISTRO DE CORTINA 1"" RED WHITE",Un,material,182553.0,false
"REGISTRO DE CORTINA 1/2"" RED WHITE",Un,material,107802.0,false
"REGISTRO DE CORTINA 2 1/2"" RED WHITE",Un,material,931997.0,false
"REGISTRO DE CORTINA 2"" RED WHITE",Un,material,531380.0,false
"REGISTRO DE CORTINA 3"" RED WHITE",Un,material,1289285.0,false
"REGISTRO DE CORTINA 3/4"" RED WHITE",Un,material,128843.0,false
"REGISTRO DE CORTINA 4"" RED WHITE",Un,material,3024954.0,false
"REGISTRO DE INCORPORACIÓN 1/2""",Un,material,35872.0,false
"REGISTRO DE INCORPORACIÓN 3/4""",Un,material,56447.0,false
"REGISTRO GLOBO 1 1/2"" EN BRONCE",Un,material,801504.0,false
"REGISTRO GLOBO 2 1/2"" EN BRONCE",Un,material,1167327.0,false
REGLA VIBRATORIA,Día,equipo,69536.0,false
REGLETA STRIP TELEFÓNICO 10 PARES,Un,material,78765.0,false
REGLETA STRIP TELEFÓNICO 100 PARES,Un,material,397009.0,false
REGLETA STRIP TELEFÓNICO 20 PARES,Un,material,101158.0,false
REGLETA STRIP TELEFÓNICO 40 PARES,Un,material,123529.0,false
REGLETA STRIP TELEFÓNICO 60 PARES,Un,material,141782.0,false
REGLETA STRIP TELEFÓNICO 80 PARES,Un,material,159219.0,false
REGULADOR GAS RP 40,Un,material,332734.0,false
REGULADOR R -20 GAS PROPANO,Un,material,42894.0,false
"REJA 0.60x0.80 m ÁNGULO 1"" x 1/8""",Un,material,284182.0,false
"REJA EN ALUMINIO TUBERÍA 1 1/2""x1 1/2""",Sub/m2,material,238311.0,false
"REJA EN VARILLA CUADRADA 1/2""",Sub/m2,material,226363.0,false
"REJA SUMIDERO 0.40x0.70 m ÁNGULO 2"" x 1/4""",Un,material,332876.0,false
"REJILLA ALUMINIO 3"" x 2""",Un,material,6886.0,false
"REJILLA BRONCE 3"" x 2"" CON SOSCO EN ALUMINIO",Un,material,109357.0,false
REJILLA CUADRADA ANTIEMPOZAMIENTO 10x10 cm,Un,material,17069.0,false
"REJILLA CÚPULA ALUMINIO 4"" x 2""",Un,material,20370.0,false
"REJILLA CÚPULA ALUMINIO 4"" x 3""",Un,material,25998.0,false
"REJILLA CÚPULA ALUMINIO 5"" x 3""",Un,material,31619.0,false
"REJILLA PVC 3"" x 2""",Un,material,3384.0,false
"REJILLA PVC 4"" x 3""",Un,material,7097.0,false
REJILLA RECTANGULAR EN ACERO INOXIDABLE CON DRENAJE OCULTO 30x11 cm,Un,material,186850.0,false
REJILLA VENTILACIÓN CELOSÍA PVC 15x15 cm,Un,material,8628.0,false
REJILLA VENTILACIÓN CELOSÍA PVC 20x20 cm,Un,material,12892.0,false
REJILLA VENTILACIÓN GAS PVC 20x20 cm,Un,material,8738.0,false
REJILLA VENTILACIÓN GAS PVC 26x26 cm,Un,material,12660.0,false
"RESINA CICATRIZANTE PARA HERIDAS, PODAS E INJERTOS",Kg,material,24363.0,false
RETIRO DE MATERIAL SOBRANTE CARGUE MANUAL,m3,transporte,62666.0,true
RETROEXCAVADORA (PAJARITA),Hr,equipo,162540.0,false
REVESTIMIENTO MARMOPLAST,Kg,material,9118.0,false
RIEL CHANEL 4x2 cm x 3 m PERFORADO Cal. 16,Un,material,63876.0,false
RIEL CHANEL 4x4 cm x 3 m PERFORADO Cal. 16,Un,material,99782.0,false
RODILLO DE PRENSA DE COSTURA,Un,equipo,218059.0,false
RODILLO FELPA PARA PINTURA,Un,equipo,16983.0,false
RODILLO INGERSOLL RAND DD 29,Hr,equipo,147243.0,false
RODILLO UNIÓN DE ALFOMBRA,Un,equipo,133317.0,false
RUBATEX (Aislante Térmico),m,material,8858.0,false
RUEDA GIRATORIA PARA ANDAMIO,Día,equipo,2255.0,false
SALIDA TUBERÍA DRENAJE PVC 100 mm,Un,material,104815.0,false
SALIDA TUBERÍA DRENAJE PVC 160 mm,Un,material,341082.0,false
SALIDA TUBERÍA DRENAJE PVC 200 mm,Un,material,430000.0,false
SALIDA TUBERÍA DRENAJE PVC 65 mm,Un,material,91641.0,false
SANITARIO ACUACER BLANCO,Un,material,276242.0,false
SANITARIO ACUACER COLOR,Un,material,295322.0,false
SANITARIO AQUAJET BLANCO,Un,material,737596.0,false
SANITARIO AQUAPRO ALONGADO BLANCO,Un,material,451421.0,false
SANITARIO AVANTI BLANCO,Un,material,413605.0,false
SANITARIO AVANTI COLOR,Un,material,426954.0,false
SANITARIO DISCAPACITADOS TIPO PUSH,Un,material,1578543.0,false
SANITARIO ECOCLEAN,Un,material,583336.0,false
SANITARIO INFANTIL KIDDY,Un,material,716986.0,false
SANITARIO INSTITUCIONAL TIPO PUSH,Un,material,575112.0,false
SANITARIO MANANTIAL BLANCO,Un,material,333988.0,false
SECADOR DE MANOS AUTOMÁTICO ELÉCTRICO EN ACERO INOXIDABLE,Un,material,1942160.0,false
SECRETARIA,Mes,mano_obra,1850905.0,false
SEGUETA BIMETÁLICA,Un,equipo,6120.0,false
SEGURIDAD INDUSTRIAL,Un,otro,100370.0,true
SEGURIDAD INDUSTRIAL PARA SOLDADOR,Un,otro,353442.0,true
SELLADO DE ROSCAS LOCTITE 545 HYDR SLNT x 50 ml,Un,material,236596.0,false
SELLADOR ACRÍLICO BASE AGUA PARA MICROCEMENTO,Lt,material,40609.0,false
SELLADOR DE POLIURETANO BASE AGUA PARA MICROCEMENTO,Lt,material,112293.0,false
"SEMICODO RANURADO HIERRO DÚCTIL SCH 40 1 1/2""",Un,material,14542.0,false
"SEMICODO RANURADO HIERRO DÚCTIL SCH 40 1 1/4""",Un,material,13146.0,false
"SEMICODO RANURADO HIERRO DÚCTIL SCH 40 2 1/2""",Un,material,27968.0,false
"SEMICODO RANURADO HIERRO DÚCTIL SCH 40 2""",Un,material,25173.0,false
"SEMICODO RANURADO HIERRO DÚCTIL SCH 40 3""",Un,material,40829.0,false
"SEMICODO RANURADO HIERRO DÚCTIL SCH 40 4""",Un,material,70480.0,false
"SEMICODO RANURADO HIERRO DÚCTIL SCH 40 6""",Un,material,138447.0,false
"SEMICODO RANURADO HIERRO DÚCTIL SCH 40 8""",Un,material,300380.0,false
SEMILLA DE LIMÓN SWINGLEA PARA CERRAMIENTO VIVO,Un,material,8386.0,false
SEMILLAS,Un,material,2394.0,false
SENSOR DE FLUJO AGUA,Un,material,1567418.0,false
SENSOR MOVIMIENTO INFRAROJO ST07 TECHO 360° 110V - 130V,Un,material,56618.0,false
SEPAROL N (Desformaleteante para fácil desencofre de concreto),Kg,material,14316.0,false
SERRUCHO,Un,equipo,43269.0,false
SERRUCHO DE PUNTA,Un,equipo,211128.0,false
SERVICIO DE BOMBA CONCRETO PREMEZCLADO,m3,otro,62966.0,false
SEÑAL DE PREVENCIÓN PISO MOJADO 62 cm,Un,equipo,31696.0,false
SEÑAL VERTICAL DE TRÁFICO Ø= 60 cm EN LÁMINA DE ACERO GALVANIZADO CON RETROREFLECTANCIA,Un,material,146348.0,false
SEÑAL VERTICAL EN LÁMINA DE ACERO GALVANIZADO 60x60 cm CON RETROREFLECTANCIA y POSTE EN TUBO GALV. DE 3.50 m,Un,material,406334.0,false
SHUT DE BASURA EN FIBRA DE VIDRIO,m,material,277316.0,false
"SIERRA CIRCULAR 7 1/4""",Un,equipo,617652.0,false
SIERRA Y BROCA PARA INSTALAR CHAPAS,JG,equipo,12421.0,false
"SIFÓN BOTELLA CROMADO 1 1/2""",Un,material,44543.0,false
"SIFÓN BOTELLA PVC 1 1/2""",Un,material,9404.0,false
"SIFÓN EN ""P"" PVC 1 1/2""",Un,material,8520.0,false
"SIFÓN SANITARIO PVC 2""",Un,material,7705.0,false
"SIFÓN SANITARIO PVC 3""",Un,material,15546.0,false
"SIFÓN SANITARIO PVC 4""",Un,material,33978.0,false
SIKA 1 (Impermeabilizante integral para morteros),Kg,material,20320.0,false
"SIKA 2 (Acelerante de fraguado ultrarápido, taponamiento de filtraciones con presión de agua)",Kg,material,56246.0,false
SIKA BOOM M (Espuma expansiva de Poliuretano para relleno y aislamiento) x 500 cm³,Un,material,60770.0,false
SIKA MORTERO IMPERMEABLE (Recubrimiento para impermeabilizar zonas húmedas y tanques de agua potable),Kg,material,5028.0,false
SIKA MULTISEAL a= 10 cm (Cinta asfáltica auto-adhesiva para sellar e impermeabilizar juntas de techos) Tipo Flanche,m,material,14243.0,false
SIKA MULTISEAL a= 15 cm (Cinta asfáltica auto-adhesiva para sellar e impermeabilizar juntas de techos) Tipo Flanche,m,material,22181.0,false
SIKA TECHO E (Impermeabilizante asfáltico tipo económico para cubiertas y terrazas de buena durabilidad),Kg,material,9546.0,false
SIKA TRANSPARENTE 10 (Repelente de agua para fachadas),Gal,material,121192.0,false
SIKA URETANO Blanco Brillante (Pintura de poliuretano de gran durabilidad resistente a rayos UV),Kg,material,176003.0,false
SIKA URETANO Transparente (Pintura de poliuretano de gran durabilidad resistente a rayos UV),Kg,material,192320.0,false
SIKA WATERBAR AR-18 (Cinta flexible de PVC para sello de juntas),m,material,99856.0,false
SIKA WATERBAR O-15 (Cinta flexible de PVC para sello de juntas),m,material,78759.0,false
SIKA WATERBAR O-22 (Cinta flexible de PVC para sello de juntas),m,material,88398.0,false
SIKA WATERBAR V-10 (Cinta flexible de PVC para sello de juntas),m,material,30002.0,false
SIKA WATERBAR V-15 (Cinta flexible de PVC para sello de juntas),m,material,53380.0,false
SIKACOLOR C (Pintura acrílica impermeable para fachadas),Gal,material,200506.0,false
"SIKADUR 31 ADHESIVO (Adhesivo epóxico para pegar elementos endurecidos como concreto, acero, cerámica y ladrillos)",Kg,material,165301.0,false
SIKADUR 32 PRIMER (Adhesivo epóxico para pegar concreto fresco con endurecido),Kg,material,183815.0,false
SIKADUR 42 ANCLAJE (Grout epóxico para anclaje de pernos),Kg,material,85500.0,false
SIKADUR 52 INYECCIÓN (Resina de baja viscosidad para inyecciones en hormigón),Kg,material,174156.0,false
SIKADUR PANEL (Adhesivo sellador de juntas rígidas en placas de fibrocemento),Kg,material,93837.0,false
SIKAFELT FV-225 (Refuerzo de fibra de vidrio de 225 gr/m2),m2,material,7603.0,false
SIKAFLEX 1A (Sellador elástico de Poliuretano) x 300 cm³,Un,material,72585.0,false
SIKAFLEX 401 PAVEMENT SL (Sellante para juntas horizontales),Gal,material,366678.0,false
SIKAFLEX UNIVERSAL (Sellador elástico de poliuretano) x 300 cm³,Un,material,40300.0,false
SIKAFLOOR 3 QUARTZ TOP (Endurecedor superficial para pisos con base en cuarzo y cemento),Kg,material,2520.0,false
SIKAGROUT 200 (Grout semi-fluido para nivelación y anclaje de equipos y estructuras. Resistencia f'c= 600-750 Kg/cm²),Kg,material,10053.0,false
SIKAGROUT 212 (Grout fluido para nivelación y anclaje de equipos y estructuras. Resistencia f'c= 430-630 Kg/cm²),Kg,material,7773.0,false
SIKALASTIC 612 CO (Impermeabilizante de poliuretano para cubiertas y terrazas con tráfico peatonal pesado),Kg,material,56218.0,false
SIKAMANTO 3 mm POLIÉSTER (Manto asfáltico para impermeabilizar cubiertas con refuerzo en poliéster de 180 g/m²),m2,material,39823.0,false
SIKAROD 10 mm (Fondo de junta de polietileno),m,material,2085.0,false
SIKASET L (Acelerante de fraguado y resistencia para concretos y morteros),Kg,material,22717.0,false
SIKASIL E (Silicona antihongo para el sello de vidrio) x 300 cm³,Un,material,23229.0,false
SIKATOP 121 (Mortero acrílico impermeable para revestimientos y reparaciones estructurales de bajo espesor),Kg,material,17769.0,false
SIKATOP 122 (Mortero acrílico para reparaciones estructurales),Kg,material,15429.0,false
SIKATOP Seal 107 (Mortero acrílico para impermeabilizar estructuras hidráulicas sometidas a alta presión y movimiento),Kg,material,12449.0,false
SILCOPLAST,Cñ,material,204864.0,false
SILICONA FRÍA EN TUBO,Un,material,15545.0,false
SILICONITE 7W,Cñ,material,444113.0,false
SILLA DE SEGURIDAD PLEGABLE PARA DUCHA,Un,material,1480650.0,false
SILLA RIMAX,Un,material,45653.0,false
SILLA TEE PVC NOVAFORT 355x160 mm,Un,material,359589.0,false
SILLA TEE PVC NOVAFORT 400x160 mm,Un,material,394275.0,false
SILLA TEE PVC NOVAFORT 500x160 mm,Un,material,643352.0,false
SILLA YEE PVC NOVAFORT 355x160 mm,Un,material,359589.0,false
SILLA YEE PVC NOVAFORT 400x160 mm,Un,material,394275.0,false
SILLA YEE PVC NOVAFORT 500x160 mm,Un,material,643352.0,false
SIRENA CON LUZ ESTROBOSCÓPICA PARA ALARMA INCENDIO,Un,material,448963.0,false
"SISTEMA SÉPTICO DOMICILIARIO 1,000 Lt",Un,material,1605476.0,false
SISTEMA SÉPTICO DOMICILIARIO 500 Lt,Un,material,986249.0,false
SOCKET PARA LÁMPARA FLUORESCENTE,Un,material,8939.0,false
"SOGA - MANILA POLIPROPILENO de 3/4""",m,equipo,4851.0,false
SOLDADOR ELÉCTRICO MONOFÁSICO,Día,equipo,74827.0,false
SOLDADURA CPVC (1/4 Gal),Un,material,153901.0,false
SOLDADURA CPVC BLAZEMASTER (1/4 Gal),Un,material,267216.0,false
SOLDADURA DE PLATA PARA COBRE,Kg,material,119746.0,false
SOLDADURA ELÉCTRICA,Kg,material,28332.0,false
SOLDADURA ESTAÑO ANTIMONIO 95/5,Lb,material,112681.0,false
SOLDADURA EXOTÉRMICA CADWELD,Un,material,115881.0,false
SOLDADURA PVC (1/4 Gal),Un,material,143538.0,false
SOPAPO,Un,equipo,12095.0,false
SOPLADOR DE LIMPIEZA,Un,equipo,127463.0,false
SOPORTE CANASTILLA MANGUERA,Un,material,73343.0,false
SOPORTE DE BAJANTE AMAZONA,Un,material,3928.0,false
SOPORTE DE CANAL AMAZONA,Un,material,5080.0,false
SOPORTE PARA BANDEJA PORTACABLE,Un,material,45261.0,false
SOPORTE TV 14-65 Pulg. RECLINABLE,Un,material,60600.0,false
SPACATTO TRAVERTINO,m2,material,305157.0,false
"SPRINKLER ROSCADO Ø= 1/2""",Un,material,155642.0,false
"SPRINKLER ROSCADO Ø= 3/4""",Un,material,176802.0,false
SUB-BASE GRANULAR,m3,material,137426.0,false
SUPERBOARD 1.22 m x 2.44 m x 10 mm,Un,material,98804.0,false
SUPERBOARD 1.22 m x 2.44 m x 6 mm,Un,material,58061.0,false
SUPERBOARD 1.22 m x 2.44 m x 8 mm,Un,material,79182.0,false
"SUPLEMENTO GALVANIZADO 4"" x 4""",Un,material,1454.0,false
"SikaFill Power 12 (Impermeabilizante acrílico para cubiertas y terrazas, con tecnología DFX y fibras)",Kg,material,23288.0,false
"TABLA 1"" x 10""",m,material,8393.0,false
"TABLA 1"" x 6""",m,material,5875.0,false
"TABLA 2"" x 10""",m,material,16783.0,false
TABLA COMÚN,m,material,5468.0,false
TABLERO (CAMILLA) DE MADERA 0.45x1.40 m,Día,equipo,578.0,false
TABLERO (CAMILLA) DE MADERA 0.70x1.40 m,Día,equipo,634.0,false
TABLERO ACRÍLICO 120 cm x 80 cm CON MARCO DE MADERA,Un,material,154172.0,false
TABLERO DE BALONCESTO,Un,material,7687139.0,false
TABLERO DE BALONCESTO y MICROFÚTBOL,Un,material,10567013.0,false
TABLERO DE CORCHO 120 cm x 80 cm CON MARCO DE ALUMINIO,Un,material,133304.0,false
TABLERO MDF 1.85 m x 2.44 m x 12 mm,Un,material,145973.0,false
TABLERO MONOFÁSICO CON ESPACIO PARA 12 CIRCUITOS,Un,material,156215.0,false
TABLERO MONOFÁSICO CON ESPACIO PARA 4 CIRCUITOS,Un,material,78108.0,false
TABLERO MONOFÁSICO CON ESPACIO PARA 6 CIRCUITOS,Un,material,94743.0,false
TABLERO MONOFÁSICO CON ESPACIO PARA 8 CIRCUITOS,Un,material,123182.0,false
TABLERO OSB 1.22 m x 2.44 m x 11 mm,Un,material,109585.0,false
TABLERO OSB 1.22 m x 2.44 m x 15 mm,Un,material,149240.0,false
TABLERO OSB 1.22 m x 2.44 m x 9.5 mm,Un,material,96365.0,false
TABLETA DE GRES,m2,material,24843.0,false
TABLILLA CIELO (PINO),m2,material,25135.0,false
TABLILLA PISO MACHIMBRADA,m2,material,44974.0,false
TABLÓN ESCALA 25x25 cm,m,material,39925.0,false
TABLÓN GRAFILADO 25x25 cm,m2,material,38125.0,false
TABLÓN GRAFILADO 30x30 cm,m2,material,39868.0,false
TABLÓN GRAFILADO 33x33 cm,m2,material,46194.0,false
TABLÓN LISO 25x25 cm,m2,material,41012.0,false
TABLÓN LISO 30x30 cm,m2,material,42255.0,false
TABLÓN LISO 33x33 cm,m2,material,49691.0,false
TACHA REFLECTIVA,Un,material,23680.0,false
TACO METÁLICO DE 2.00 a 3.30 m,Día,equipo,360.0,false
"TALADRO PERCUTOR 1/2""",Un,equipo,554288.0,false
TALADRO ROTOPERCUTOR,Día,equipo,135262.0,false
"TANQUE ALMACENAMIENTO DE AGUA 1,000 L",Un,material,837811.0,false
TANQUE ALMACENAMIENTO DE AGUA 250 L,Un,material,277197.0,false
TANQUE ALMACENAMIENTO DE AGUA 500 L,Un,material,496133.0,false
TANQUE CILINDRO PARA GAS 2 Kg,Un,material,74328.0,false
"TANQUE SÉPTICO INTEGRADO HORIZONTAL DE 2,000 Lt SUBTERRÁNEO",Un,material,5096490.0,false
"TANQUE SÉPTICO INTEGRADO HORIZONTAL DE 4,000 Lt SUBTERRÁNEO",Un,material,7219073.0,false
"TAPA DE HIERRO FUNDIDO Ø= 0.60 m, 90 Kg",Un,material,1065027.0,false
TAPA EXTERIOR PVC AMAZONA,Un,material,13916.0,false
TAPA REGISTROS PVC 15x15 cm,Un,material,7994.0,false
TAPA REGISTROS PVC 20x20 cm,Un,material,11769.0,false
TAPA SALIDA CORDÓN,Un,material,8656.0,false
TAPA SHUT PARA BASURAS EN ACERO INOXIDABLE,Un,material,268414.0,false
TAPABOCAS,Un,otro,260.0,false
TAPABOCAS REUTILIZABLE EN TELA,Un,material,3000.0,false
TAPALUZ (PINO),m,material,4239.0,false
TAPAPOROS PARA MADERA,Gal,material,111078.0,false
"TAPÓN COBRE 1/2""",Un,material,1532.0,false
"TAPÓN DE PRUEBA SANITARIO PVC 1 1/2""",Un,material,1318.0,false
"TAPÓN DE PRUEBA SANITARIO PVC 2""",Un,material,1723.0,false
"TAPÓN DE PRUEBA SANITARIO PVC 3""",Un,material,2187.0,false
"TAPÓN DE PRUEBA SANITARIO PVC 4""",Un,material,4342.0,false
"TAPÓN DE PRUEBA SANITARIO PVC 6""",Un,material,19538.0,false
"TAPÓN DE PRUEBA SANITARIO PVC 8""",Un,material,274560.0,false
TAPÓN DE RESPIRACIÓN SHUT,Un,material,38789.0,false
TAPÓN PARA OIDO,Un,otro,2576.0,false
"TAPÓN PRESIÓN CPVC 1"" SOLD.",Un,material,7630.0,false
"TAPÓN PRESIÓN CPVC 1/2"" SOLD.",Un,material,2111.0,false
"TAPÓN PRESIÓN CPVC 3/4"" SOLD.",Un,material,2111.0,false
"TAPÓN PRESIÓN CPVC SCH 80 1/2"" SOLD.",Un,material,26308.0,false
"TAPÓN PRESIÓN CPVC SCH 80 3/4"" SOLD.",Un,material,37360.0,false
"TAPÓN PRESIÓN PVC 1 1/2"" SOLD.",Un,material,5435.0,false
"TAPÓN PRESIÓN PVC 1 1/4"" SOLD.",Un,material,4174.0,false
"TAPÓN PRESIÓN PVC 1"" ROSC.",Un,material,2947.0,false
"TAPÓN PRESIÓN PVC 1"" SOLD.",Un,material,1734.0,false
"TAPÓN PRESIÓN PVC 1/2"" ROSC.",Un,material,707.0,false
"TAPÓN PRESIÓN PVC 1/2"" SOLD.",Un,material,517.0,false
"TAPÓN PRESIÓN PVC 2"" SOLD.",Un,material,8637.0,false
"TAPÓN PRESIÓN PVC 3"" SOLD.",Un,material,33042.0,false
"TAPÓN PRESIÓN PVC 3/4"" ROSC.",Un,material,2072.0,false
"TAPÓN PRESIÓN PVC 3/4"" SOLD.",Un,material,1035.0,false
"TAPÓN PRESIÓN PVC 4"" SOLD.",Un,material,60034.0,false
"TAPÓN PRESIÓN PVC SCH 80 1 1/2""",Un,material,25820.0,false
"TAPÓN PRESIÓN PVC SCH 80 1 1/4""",Un,material,25247.0,false
"TAPÓN PRESIÓN PVC SCH 80 2""",Un,material,49872.0,false
"TAPÓN PRESIÓN PVC SCH 80 3""",Un,material,104573.0,false
"TAPÓN PRESIÓN PVC SCH 80 4""",Un,material,127502.0,false
"TAPÓN RANURADO HIERRO DÚCTIL SCH 40 1 1/2""",Un,material,4196.0,false
"TAPÓN RANURADO HIERRO DÚCTIL SCH 40 2 1/2""",Un,material,16780.0,false
"TAPÓN RANURADO HIERRO DÚCTIL SCH 40 2""",Un,material,11187.0,false
"TAPÓN RANURADO HIERRO DÚCTIL SCH 40 3""",Un,material,20418.0,false
"TAPÓN RANURADO HIERRO DÚCTIL SCH 40 6""",Un,material,70480.0,false
TAPÓN TUBERÍA DRENAJE PVC 100 mm,Un,material,6328.0,false
TAPÓN TUBERÍA DRENAJE PVC 160 mm,Un,material,18872.0,false
TAPÓN TUBERÍA DRENAJE PVC 200 mm,Un,material,25973.0,false
TAPÓN TUBERÍA DRENAJE PVC 65 mm,Un,material,3340.0,false
TARIFA ESCOMBRERA AUTORIZADA,m3,otro,4908.0,false
TAZA ADRIÁTICA,Un,material,862171.0,false
TAZA ADRIÁTICA FLUXÓMETRO GEM,Un,material,1997234.0,false
TAZA ADRIÁTICA GRIFERÍA ANTIVANDÁLICA,Un,material,1567991.0,false
TAZA BÁLTICA CON VÁLVULA PUSH DE EMPOTRAR,Un,material,1403473.0,false
TAZA BÁLTICA PARA USO INSTITUCIONAL,Un,material,372320.0,false
TAZA CAMPESINA,Un,material,104736.0,false
TECNÓLOGO SISO (Seguridad Industrial y Salud Ocupacional),Mes,mano_obra,2250905.0,false
"TEE ACERO AL CARBÓN ROSCADA 1""",Un,material,9898.0,false
"TEE ACERO AL CARBÓN ROSCADA 1/2""",Un,material,6443.0,false
"TEE ACERO AL CARBÓN ROSCADA 3/4""",Un,material,8174.0,false
"TEE COBRE 1/2""",Un,material,3829.0,false
"TEE MECÁNICA RANURADA HIERRO DÚCTIL SCH 40 2 1/2"" x 1 1/2""",Un,material,39158.0,false
"TEE MECÁNICA RANURADA HIERRO DÚCTIL SCH 40 3"" x 2""",Un,material,58457.0,false
"TEE MECÁNICA RANURADA HIERRO DÚCTIL SCH 40 6"" x 3""",Un,material,102366.0,false
"TEE MECÁNICA RANURADA HIERRO DÚCTIL SCH 40 6"" x 4""",Un,material,105997.0,false
"TEE PE-AL-PE 1/2""",Un,material,14981.0,false
TEE PLANA PARA CANALETA 60 x 16 mm,Un,material,13290.0,false
TEE PLANA PARA CANALETA 75 x 20 mm,Un,material,61499.0,false
"TEE PRESIÓN CPVC 1""",Un,material,26750.0,false
"TEE PRESIÓN CPVC 1/2""",Un,material,2945.0,false
"TEE PRESIÓN CPVC 3/4""",Un,material,4663.0,false
"TEE PRESIÓN CPVC SCH 80 1/2""",Un,material,34823.0,false
"TEE PRESIÓN CPVC SCH 80 3/4""",Un,material,35463.0,false
"TEE PRESIÓN PVC 1 1/2""",Un,material,13362.0,false
"TEE PRESIÓN PVC 1 1/4""",Un,material,10181.0,false
"TEE PRESIÓN PVC 1""",Un,material,3943.0,false
"TEE PRESIÓN PVC 1/2""",Un,material,1193.0,false
"TEE PRESIÓN PVC 2""",Un,material,21282.0,false
"TEE PRESIÓN PVC 3""",Un,material,80295.0,false
"TEE PRESIÓN PVC 3/4""",Un,material,2018.0,false
"TEE PRESIÓN PVC 4""",Un,material,175219.0,false
"TEE PRESIÓN PVC SCH 80 1 1/2""",Un,material,69576.0,false
"TEE PRESIÓN PVC SCH 80 1 1/4""",Un,material,66254.0,false
"TEE PRESIÓN PVC SCH 80 2""",Un,material,81772.0,false
"TEE PRESIÓN PVC SCH 80 3""",Un,material,106939.0,false
"TEE PRESIÓN PVC SCH 80 4""",Un,material,123906.0,false
"TEE RANURADA HIERRO DÚCTIL SCH 40 1 1/2""",Un,material,26566.0,false
"TEE RANURADA HIERRO DÚCTIL SCH 40 2 1/2""",Un,material,61252.0,false
"TEE RANURADA HIERRO DÚCTIL SCH 40 2""",Un,material,40829.0,false
"TEE RANURADA HIERRO DÚCTIL SCH 40 3""",Un,material,79152.0,false
"TEE RANURADA HIERRO DÚCTIL SCH 40 4""",Un,material,122498.0,false
"TEE RANURADA HIERRO DÚCTIL SCH 40 6""",Un,material,229344.0,false
"TEE RANURADA HIERRO DÚCTIL SCH 40 8""",Un,material,564962.0,false
"TEE SANITARIA PVC 1 1/2""",Un,material,8288.0,false
"TEE SANITARIA PVC 2""",Un,material,9499.0,false
"TEE SANITARIA PVC 3""",Un,material,11916.0,false
"TEE SANITARIA PVC 4""",Un,material,24839.0,false
"TEE SANITARIA PVC 6""",Un,material,225547.0,false
"TEE SANITARIA PVC 8""",Un,material,603771.0,false
TEJA AJOVER #6 TRASLÚCIDA,Un,material,75301.0,false
TEJA ASFÁLTICA,Un,material,4646.0,false
TEJA CANALETA 43 x 6 m,Un,material,279633.0,false
TEJA CANALETA 90 x 6 m,Un,material,329894.0,false
TEJA CLARABOYA #4 P7,Un,material,60504.0,false
TEJA CLARABOYA #6 P7,Un,material,99727.0,false
TEJA CLARABOYA COLONIAL 1.60 m,Un,material,180296.0,false
TEJA COLONIAL 1.60 m,Un,material,114431.0,false
TEJA DE BARRO 30x15 cm,Un,material,2894.0,false
TEJA DE BARRO 40x24 cm,Un,material,1935.0,false
TEJA ONDULADA #4 P7,Un,material,36439.0,false
TEJA ONDULADA #6 P7,Un,material,54657.0,false
TEJA PANEL METÁLICO DE ALUZINC Cal. 26 ACABADO EN PINTURA POLIESTER,m2,material,85009.0,false
TEJA SHINGLE 91.50 x 30.50 cm,m2,material,106634.0,false
TEJA TECHOLINE 2.00 x 0.95 m,Un,material,86470.0,false
TEJA TERMOACÚSTICA a= 0.82 m,m,material,62753.0,false
TEJA TRANSPARENTE POLICARBONATO #4,Un,material,89908.0,false
TEJA TRANSPARENTE POLICARPONATO #6,Un,material,135237.0,false
TEJA UPVC 2.0 mm a= 1.07 m,m,material,55045.0,false
TELA POLISOMBRA CERRAMIENTO BLANCA a= 2.10 m,m,material,3783.0,false
TELA POLISOMBRA CERRAMIENTO VERDE a= 2.10 m,m,material,3129.0,false
TELA POLIÉSTER 30 gr,m2,material,2302.0,false
TEMPLADOR DE ALFOMBRA,Un,equipo,337608.0,false
TERMINADORA DE ASFÁLTO (FINISHER),Hr,equipo,177205.0,false
TERMINAL TIPO PIN PARA CALIBRE 10-12 AWG,Un,material,4518.0,false
TERMÓMETRO DIGITAL INFRAROJO,Un,equipo,474274.0,false
THINNER,Gal,material,33088.0,false
TIERRA ABONADA,m3,material,92645.0,false
TIERRA NEGRA,m3,material,95597.0,false
TIERRA NO VEGETAL,m3,material,37478.0,false
TIERRA VEGETAL,m3,material,55206.0,false
"TIJERA CORTA LÁMINA 10""",Un,equipo,42552.0,false
TIJERA DE ANDAMIO,Día,equipo,193.0,false
TIJERA DE PODA,Un,equipo,51776.0,false
TIJERA TACO METÁLICO,Día,equipo,176.0,false
TIJERAS,Un,equipo,14920.0,false
TIJERAS PICO DE PATO,Un,equipo,195903.0,false
TIMBRE DIN DON CLÁSICO,Un,material,40635.0,false
TIRO ANCLAJE ROJO,Un,material,2947.0,false
TIZA BLANCA,Un,material,180.0,false
TOMA BIFÁSICO 20A-250V PATA TRABADA,Un,material,13374.0,false
TOMA DOBLE RJ45 CAT 5E,Un,material,80672.0,false
TOMA JACK RJ45 CAT 5E,Un,material,19393.0,false
TOMA JACK RJ45 CAT 6A,Un,material,27501.0,false
TOMA PARA AUDIO ESTÉREO TIPO RCA,Un,material,83180.0,false
TOMA PARA TV TIPO COAXIAL 75 Ohm,Un,material,14965.0,false
"TOMA SIAMESA BRONCE 3"" x 2 ½"" x 2 ½""",Un,material,1766522.0,false
"TOMA SIAMESA BRONCE 4"" x 2 ½"" x 2 ½""",Un,material,2301628.0,false
TOMA TELEFÓNICA TIPO AMERICANO,Un,material,17904.0,false
TOMA TRIFILAR 20A-250V,Un,material,12406.0,false
TOMA TRIFILAR 50A-250V,Un,material,35348.0,false
TOMACORRIENTE DOBLE POLO A TIERRA,Un,material,32900.0,false
TOMACORRIENTE DOBLE POLO A TIERRA CON TAPA PARA INTEMPERIE,Un,material,46140.0,false
TOMACORRIENTE DOBLE POLO A TIERRA GFCI 15A,Un,material,109900.0,false
TOMACORRIENTE DOBLE POLO REGULADO,Un,material,44995.0,false
TOPE PUERTA CON RESORTE,Un,material,4837.0,false
TOPE PUERTA DE PISO TIPO MEDIA LUNA EN ACERO SANITADO,Un,material,13485.0,false
TOPE PUERTA EN ACERO INOXIDABLE CON ANILLO DE GOMA,Un,material,6480.0,false
TOPELLANTAS EN CONCRETO DE 60x30x12 cm,Un,material,26943.0,false
TOPÓGRAFO,Mes,mano_obra,2950905.0,false
TOPÓGRAFO (Incl. prestaciones),Día,mano_obra,163426.0,true
"TORNILLO AUTOPERFORANTE 1/4"" x 5""",Un,material,1440.0,false
"TORNILLO AUTOPERFORANTE 5/16"" x 2""",Un,material,556.0,false
TORNILLO DE FIJACIÓN C-43,Un,material,2879.0,false
TORNILLO DE FIJACIÓN C-90,Un,material,8999.0,false
"TORNILLO ESTRUCTURA PUNTA AGUDA CABEZA PLANA 8x1/2""",Un,material,86.0,false
"TORNILLO LÁMINA 5/16"" x 2""",Un,material,556.0,false
"TORNILLO MADERA 8 x 2""",Un,material,133.0,false
"TORNILLO PANEL PUNTA AGUDA 6x1""",Un,material,193.0,false
"TORNILLO SUPERBOARD AVELLANADO PUNTA AGUDA 6x7/8""",Un,material,281.0,false
"TORNILLO TIRAFONDO 1/4"" x 5'' ZINCADO",Un,material,1758.0,false
TORÓN DE TENSIONAMIENTO,Kg,material,10590.0,false
TRAMO DE EMPOTRAMIENTO PARA GRÚA TORRE,Un,equipo,5318645.0,false
TRANSFORMADOR MONOFÁSICO ACEITE 37.5 kVA,Un,material,13029000.0,false
TRANSFORMADOR MONOFÁSICO ACEITE 75 kVA,Un,material,16470000.0,false
TRANSFORMADOR TRIFÁSICO ACEITE 45 kVA,Un,material,16753000.0,false
TRANSFORMADOR TRIFÁSICO ACEITE 75 kVA,Un,material,22500000.0,false
TRANSFORMADOR TRIFÁSICO TIPO PEDESTAL ACEITE 45 kVA,Un,material,45212000.0,false
TRANSFORMADOR TRIFÁSICO TIPO PEDESTAL ACEITE 75 kVA,Un,material,49817000.0,false
TRAPEADOR DE ALGODÓN,Un,equipo,18952.0,false
TRIPLEX 4 mm 1.22x2.44 m,Un,material,48177.0,false
"TRITURADO DE 3/4""",m3,material,134755.0,false
TROMPETA POSTENSADO,Kg,material,120271.0,false
TRONZADORA,Un,equipo,1209226.0,false
"TUBERÍA ACERO CARBÓN SCH 40 1 1/2"" ROSCADA",m,material,79501.0,false
"TUBERÍA ACERO CARBÓN SCH 40 1 1/4"" ROSCADA",m,material,60760.0,false
"TUBERÍA ACERO CARBÓN SCH 40 1"" ROSCADA",m,material,42019.0,false
"TUBERÍA ACERO CARBÓN SCH 40 1/2"" ROSCADA",m,material,26335.0,false
"TUBERÍA ACERO CARBÓN SCH 40 3/4"" ROSCADA",m,material,30774.0,false
"TUBERÍA ALL/VENT PVC 1 1/2""",m,material,7915.0,false
"TUBERÍA ALL/VENT PVC 2""",m,material,11443.0,false
"TUBERÍA ALL/VENT PVC 3""",m,material,15271.0,false
"TUBERÍA ALL/VENT PVC 4""",m,material,26332.0,false
"TUBERÍA CONCRETO REFORZADO 24"" UC",m,material,348330.0,false
"TUBERÍA CONCRETO REFORZADO 30"" UC",m,material,543646.0,false
"TUBERÍA CONCRETO REFORZADO 36"" UC",m,material,682065.0,false
"TUBERÍA CONCRETO REFORZADO 40"" UC",m,material,778731.0,false
"TUBERÍA CONCRETO REFORZADO 48"" UC",m,material,1003035.0,false
"TUBERÍA CONCRETO REFORZADO 52"" UC",m,material,1094220.0,false
"TUBERÍA CONCRETO REFORZADO 60"" UC",m,material,1386012.0,false
"TUBERÍA CONCRETO SIMPLE 10"" UC",m,material,46281.0,false
"TUBERÍA CONCRETO SIMPLE 12"" UC",m,material,61077.0,false
"TUBERÍA CONCRETO SIMPLE 16"" UC",m,material,102190.0,false
"TUBERÍA CONCRETO SIMPLE 18"" UC",m,material,137638.0,false
"TUBERÍA CONCRETO SIMPLE 21"" UC",m,material,181513.0,false
"TUBERÍA CONCRETO SIMPLE 24"" UC",m,material,258069.0,false
"TUBERÍA CONCRETO SIMPLE 6"" UC",m,material,28214.0,false
"TUBERÍA CONCRETO SIMPLE 8"" UC",m,material,34580.0,false
TUBERÍA DRENAJE PVC 100 mm,m,material,24879.0,false
TUBERÍA DRENAJE PVC 100 mm CON FILTRO,m,material,33533.0,false
TUBERÍA DRENAJE PVC 160 mm,m,material,55430.0,false
TUBERÍA DRENAJE PVC 160 mm CON FILTRO,m,material,76795.0,false
TUBERÍA DRENAJE PVC 200 mm,m,material,77556.0,false
TUBERÍA DRENAJE PVC 200 mm CON FILTRO,m,material,104286.0,false
TUBERÍA DRENAJE PVC 65 mm,m,material,14084.0,false
TUBERÍA DRENAJE PVC 65 mm CON FILTRO,m,material,19287.0,false
TUBERÍA NOVAFORT PVC 110 mm,m,material,25469.0,false
TUBERÍA NOVAFORT PVC 160 mm,m,material,49283.0,false
TUBERÍA NOVAFORT PVC 200 mm,m,material,70450.0,false
"TUBERÍA NOVAFORT PVC 24""",m,material,637531.0,false
TUBERÍA NOVAFORT PVC 250 mm,m,material,102894.0,false
TUBERÍA NOVAFORT PVC 315 mm,m,material,148059.0,false
TUBERÍA NOVAFORT PVC 355 mm,m,material,221887.0,false
TUBERÍA NOVAFORT PVC 400 mm,m,material,271392.0,false
TUBERÍA NOVAFORT PVC 500 mm,m,material,456953.0,false
"TUBERÍA NOVALOC 45""",m,material,494933.0,false
"TUBERÍA NOVALOC 51""",m,material,695268.0,false
"TUBERÍA NOVALOC 60""",m,material,865754.0,false
"TUBERÍA PE-AL-PE PARA GAS Ø= 1/2""",m,material,3153.0,false
"TUBERÍA PF + UAD 1/2"" (Manguera)",m,material,3594.0,false
"TUBERÍA PF + UAD 3/4"" (Manguera)",m,material,7063.0,false
TUBERÍA POLIETILENO PE 100 PN 10 RDE 17 Ø= 110 mm,m,material,34630.0,false
TUBERÍA POLIETILENO PE 100 PN 10 RDE 17 Ø= 160 mm,m,material,72605.0,false
TUBERÍA POLIETILENO PE 100 PN 10 RDE 17 Ø= 200 mm,m,material,114277.0,false
TUBERÍA POLIETILENO PE 100 PN 10 RDE 17 Ø= 63 mm,m,material,11533.0,false
TUBERÍA POLIETILENO PE 100 PN 10 RDE 17 Ø= 75 mm,m,material,16267.0,false
TUBERÍA POLIETILENO PE 100 PN 10 RDE 17 Ø= 90 mm,m,material,23246.0,false
TUBERÍA POLIETILENO PE 100 PN 16 RDE 17 Ø= 110 mm,m,material,51275.0,false
TUBERÍA POLIETILENO PE 100 PN 16 RDE 17 Ø= 160 mm,m,material,108843.0,false
TUBERÍA POLIETILENO PE 100 PN 16 RDE 17 Ø= 200 mm,m,material,169626.0,false
TUBERÍA POLIETILENO PE 100 PN 16 RDE 17 Ø= 63 mm,m,material,17011.0,false
TUBERÍA POLIETILENO PE 100 PN 16 RDE 17 Ø= 75 mm,m,material,23784.0,false
TUBERÍA POLIETILENO PE 100 PN 16 RDE 17 Ø= 90 mm,m,material,34400.0,false
"TUBERÍA PRESIÓN CPVC 1 1/2""",m,material,81489.0,false
"TUBERÍA PRESIÓN CPVC 1 1/4""",m,material,56541.0,false
"TUBERÍA PRESIÓN CPVC 1""",m,material,27610.0,false
"TUBERÍA PRESIÓN CPVC 1/2""",m,material,9931.0,false
"TUBERÍA PRESIÓN CPVC 2""",m,material,138706.0,false
"TUBERÍA PRESIÓN CPVC 3/4""",m,material,16320.0,false
"TUBERÍA PRESIÓN CPVC SCH 80 1 1/2""",m,material,117231.0,false
"TUBERÍA PRESIÓN CPVC SCH 80 1 1/4""",m,material,104555.0,false
"TUBERÍA PRESIÓN CPVC SCH 80 1""",m,material,75132.0,false
"TUBERÍA PRESIÓN CPVC SCH 80 1/2""",m,material,55375.0,false
"TUBERÍA PRESIÓN CPVC SCH 80 2""",m,material,179409.0,false
"TUBERÍA PRESIÓN CPVC SCH 80 3/4""",m,material,60913.0,false
"TUBERÍA PRESIÓN PVC 1 1/2""",m,material,15947.0,false
"TUBERÍA PRESIÓN PVC 1 1/4""",m,material,12213.0,false
"TUBERÍA PRESIÓN PVC 1""",m,material,6781.0,false
"TUBERÍA PRESIÓN PVC 1/2""",m,material,3900.0,false
"TUBERÍA PRESIÓN PVC 2 1/2""",m,material,39633.0,false
"TUBERÍA PRESIÓN PVC 2""",m,material,24456.0,false
"TUBERÍA PRESIÓN PVC 3""",m,material,55018.0,false
"TUBERÍA PRESIÓN PVC 3/4""",m,material,4834.0,false
"TUBERÍA PRESIÓN PVC 4""",m,material,93627.0,false
"TUBERÍA PRESIÓN PVC 6""",m,material,199592.0,false
"TUBERÍA PRESIÓN PVC SCH 80 1 1/2""",m,material,33186.0,false
"TUBERÍA PRESIÓN PVC SCH 80 1 1/4""",m,material,30455.0,false
"TUBERÍA PRESIÓN PVC SCH 80 2 1/2""",m,material,79360.0,false
"TUBERÍA PRESIÓN PVC SCH 80 2""",m,material,46330.0,false
"TUBERÍA PRESIÓN PVC SCH 80 3""",m,material,98538.0,false
"TUBERÍA PRESIÓN PVC SCH 80 4""",m,material,133440.0,false
"TUBERÍA PRESIÓN PVC SCH 80 6""",m,material,253670.0,false
"TUBERÍA PRESIÓN PVC SCH 80 8""",m,material,382386.0,false
"TUBERÍA PRESIÓN PVC UNIÓN PLATINO DE 2""",m,material,18760.0,false
"TUBERÍA PRESIÓN PVC UNIÓN PLATINO DE 3""",m,material,46960.0,false
"TUBERÍA PRESIÓN PVC UNIÓN PLATINO DE 4""",m,material,62029.0,false
"TUBERÍA RANURADA ACERO CARBÓN SCH 40 1 1/2""",m,material,55514.0,false
"TUBERÍA RANURADA ACERO CARBÓN SCH 40 1 1/4""",m,material,46488.0,false
"TUBERÍA RANURADA ACERO CARBÓN SCH 40 1""",m,material,32044.0,false
"TUBERÍA RANURADA ACERO CARBÓN SCH 40 1/2""",m,material,20084.0,false
"TUBERÍA RANURADA ACERO CARBÓN SCH 40 2 1/2""",m,material,121863.0,false
"TUBERÍA RANURADA ACERO CARBÓN SCH 40 2""",m,material,74926.0,false
"TUBERÍA RANURADA ACERO CARBÓN SCH 40 3""",m,material,157969.0,false
"TUBERÍA RANURADA ACERO CARBÓN SCH 40 3/4""",m,material,23471.0,false
"TUBERÍA RANURADA ACERO CARBÓN SCH 40 4""",m,material,239207.0,false
"TUBERÍA RANURADA ACERO CARBÓN SCH 40 6""",m,material,383633.0,false
"TUBERÍA RANURADA ACERO CARBÓN SCH 40 8""",m,material,563259.0,false
"TUBERÍA SANITARIA PVC 1 1/2""",m,material,14088.0,false
"TUBERÍA SANITARIA PVC 2""",m,material,17466.0,false
"TUBERÍA SANITARIA PVC 3""",m,material,26088.0,false
"TUBERÍA SANITARIA PVC 4""",m,material,36688.0,false
"TUBERÍA SANITARIA PVC 6""",m,material,76988.0,false
"TUBERÍA SANITARIA PVC 8""",m,material,138503.0,false
"TUBO CERRAMIENTO GALV. 1 1/2""",m,material,17077.0,false
"TUBO CERRAMIENTO GALV. 1""",m,material,15122.0,false
"TUBO CERRAMIENTO GALV. 2""",m,material,17312.0,false
"TUBO COBRE Ø= 1/2"" PESADO TIPO K",m,material,41101.0,false
"TUBO COBRE Ø= 1/2"" TIPO L",m,material,28574.0,false
"TUBO COBRE Ø= 3/4"" TIPO L",m,material,44818.0,false
"TUBO COBRE Ø= 3/8"" PESADO TIPO M",m,material,44390.0,false
"TUBO CONDUIT EMT 1 1/2"" x 3 m",Un,material,48148.0,false
"TUBO CONDUIT EMT 1"" x 3 m",Un,material,27698.0,false
"TUBO CONDUIT EMT 1/2"" x 3 m",Un,material,13542.0,false
"TUBO CONDUIT EMT 2"" x 3 m",Un,material,72700.0,false
"TUBO CONDUIT EMT 3"" x 3 m",Un,material,163011.0,false
"TUBO CONDUIT EMT 3/4"" x 3 m",Un,material,23321.0,false
"TUBO CONDUIT IMC 1"" x 3 m",Un,material,73687.0,false
"TUBO CONDUIT IMC 1/2"" x 3 m",Un,material,44466.0,false
"TUBO CONDUIT IMC 2"" x 3 m",Un,material,159850.0,false
"TUBO CONDUIT IMC 3"" x 3 m",Un,material,346904.0,false
"TUBO CONDUIT IMC 3/4"" x 3 m",Un,material,64869.0,false
"TUBO CONDUIT PVC 1 1/2"" x 3 m",Un,material,30865.0,false
"TUBO CONDUIT PVC 1 1/4"" x 3 m",Un,material,24213.0,false
"TUBO CONDUIT PVC 1"" x 3 m",Un,material,15670.0,false
"TUBO CONDUIT PVC 1/2"" x 3 m",Un,material,8630.0,false
"TUBO CONDUIT PVC 2"" x 3 m",Un,material,47475.0,false
"TUBO CONDUIT PVC 3/4"" x 3 m",Un,material,11309.0,false
"TUBO CONDUIT PVC SCH 40 1 1/2"" x 3 m",Un,material,52507.0,false
"TUBO CONDUIT PVC SCH 40 1 1/4"" x 3 m",Un,material,43978.0,false
"TUBO CONDUIT PVC SCH 40 1"" x 3 m",Un,material,32493.0,false
"TUBO CONDUIT PVC SCH 40 1/2"" x 3 m",Un,material,16488.0,false
"TUBO CONDUIT PVC SCH 40 2"" x 3 m",Un,material,70553.0,false
"TUBO CONDUIT PVC SCH 40 3/4"" x 3 m",Un,material,21848.0,false
"TUBO CONTRAINCENDIO GALV. 1"" NEGRO",m,material,21789.0,false
"TUBO CORTINA EN ALUMINIO Ø= 3/4""",m,material,5107.0,false
"TUBO CUADRADO 3/4"" x 3/4"" Cal. 20",m,material,4283.0,false
"TUBO DOBLE PARED TDP PVC 3""",m,material,21588.0,false
"TUBO DOBLE PARED TDP PVC 4""",m,material,26744.0,false
"TUBO GALVANIZADO 1""",m,material,30877.0,false
"TUBO GALVANIZADO 1/2""",m,material,13205.0,false
"TUBO GALVANIZADO 2""",m,material,55150.0,false
"TUBO GALVANIZADO 3""",m,material,93480.0,false
"TUBO GALVANIZADO 3/4""",m,material,16183.0,false
"TUBO GALVANIZADO 4""",m,material,136279.0,false
"TUBO GAS GALVANIZADO 1/2""",m,material,18832.0,false
"TUBO GAS GALVANIZADO 3/4""",m,material,25019.0,false
"TUBO TIPO LIVIANO EB PVC 3""",m,material,16157.0,false
"TUBO TIPO LIVIANO EB PVC 4""",m,material,27816.0,false
"TUBO TIPO PESADO DB PVC 2""",m,material,10513.0,false
"TUBO TIPO PESADO DB PVC 3""",m,material,23293.0,false
"TUBO TIPO PESADO DB PVC 4""",m,material,39304.0,false
"TUERCA GALV. 1/2""",Un,material,706.0,false
"TUERCA GALV. 3/8""",Un,material,682.0,false
TÉCNICO ELECTRICISTA,Mes,mano_obra,2250905.0,false
TÉCNICO ELECTRICISTA (Incl. prestaciones),Día,mano_obra,138051.0,true
"UNIVERSAL GALVANIZADA 1/2""",Un,material,11802.0,false
UNIÓN BAJANTE PVC AMAZONA,Un,material,7422.0,false
UNIÓN CANAL A BAJANTE PVC AMAZONA,Un,material,38582.0,false
UNIÓN CANAL PVC AMAZONA,Un,material,28608.0,false
"UNIÓN COBRE 1/2""",Un,material,1991.0,false
"UNIÓN COBRE 3/4""",Un,material,4305.0,false
"UNIÓN DE REPARACIÓN PVC PLATINO 2""",Un,material,45043.0,false
"UNIÓN DE REPARACIÓN PVC PLATINO 3""",Un,material,71743.0,false
"UNIÓN DE REPARACIÓN PVC PLATINO 4""",Un,material,110228.0,false
"UNIÓN EMT GALVANIZADA 1 1/2""",Un,material,4817.0,false
"UNIÓN EMT GALVANIZADA 1""",Un,material,2332.0,false
"UNIÓN EMT GALVANIZADA 1/2""",Un,material,1054.0,false
"UNIÓN EMT GALVANIZADA 2""",Un,material,6625.0,false
"UNIÓN EMT GALVANIZADA 3""",Un,material,14302.0,false
"UNIÓN EMT GALVANIZADA 3/4""",Un,material,1356.0,false
"UNIÓN FLEXIBLE RANURADA HIERRO DÚCTIL SCH 40 1 1/2""",Un,material,22374.0,false
"UNIÓN FLEXIBLE RANURADA HIERRO DÚCTIL SCH 40 1 1/4""",Un,material,21815.0,false
"UNIÓN FLEXIBLE RANURADA HIERRO DÚCTIL SCH 40 2 1/2""",Un,material,30765.0,false
"UNIÓN FLEXIBLE RANURADA HIERRO DÚCTIL SCH 40 2""",Un,material,24471.0,false
"UNIÓN FLEXIBLE RANURADA HIERRO DÚCTIL SCH 40 3""",Un,material,36361.0,false
"UNIÓN FLEXIBLE RANURADA HIERRO DÚCTIL SCH 40 4""",Un,material,43352.0,false
"UNIÓN FLEXIBLE RANURADA HIERRO DÚCTIL SCH 40 6""",Un,material,92856.0,false
"UNIÓN FLEXIBLE RANURADA HIERRO DÚCTIL SCH 40 8""",Un,material,169487.0,false
"UNIÓN GALVANIZADA 1""",Un,material,5196.0,false
"UNIÓN GALVANIZADA 1/2""",Un,material,2328.0,false
"UNIÓN GALVANIZADA 2""",Un,material,18205.0,false
"UNIÓN GALVANIZADA 3""",Un,material,54321.0,false
"UNIÓN GALVANIZADA 3/4""",Un,material,3161.0,false
"UNIÓN GALVANIZADA 4""",Un,material,84767.0,false
"UNIÓN GAS GALVANIZADA 1/2""",Un,material,2160.0,false
"UNIÓN GAS GALVANIZADA 3/4""",Un,material,2896.0,false
"UNIÓN PE-AL-PE 1/2""",Un,material,10095.0,false
"UNIÓN PF + UAD 1/2""",Un,material,6322.0,false
"UNIÓN PF + UAD 3/4""",Un,material,40862.0,false
UNIÓN PLÁSTICA CANALETA 60 x 16 mm,Un,material,2615.0,false
UNIÓN PLÁSTICA CANALETA 75 x 20 mm,Un,material,26510.0,false
"UNIÓN PRESIÓN CPVC 1 1/2""",Un,material,36725.0,false
"UNIÓN PRESIÓN CPVC 1 1/4""",Un,material,33203.0,false
"UNIÓN PRESIÓN CPVC 1""",Un,material,10496.0,false
"UNIÓN PRESIÓN CPVC 1/2""",Un,material,1612.0,false
"UNIÓN PRESIÓN CPVC 2""",Un,material,40247.0,false
"UNIÓN PRESIÓN CPVC 3/4""",Un,material,2378.0,false
"UNIÓN PRESIÓN CPVC SCH 80 1 1/2""",Un,material,55703.0,false
"UNIÓN PRESIÓN CPVC SCH 80 1 1/4""",Un,material,41460.0,false
"UNIÓN PRESIÓN CPVC SCH 80 1""",Un,material,29487.0,false
"UNIÓN PRESIÓN CPVC SCH 80 1/2""",Un,material,15641.0,false
"UNIÓN PRESIÓN CPVC SCH 80 2""",Un,material,95313.0,false
"UNIÓN PRESIÓN CPVC SCH 80 3/4""",Un,material,21962.0,false
"UNIÓN PRESIÓN PVC 1 1/2""",Un,material,3740.0,false
"UNIÓN PRESIÓN PVC 1 1/4""",Un,material,2736.0,false
"UNIÓN PRESIÓN PVC 1""",Un,material,1494.0,false
"UNIÓN PRESIÓN PVC 1/2""",Un,material,579.0,false
"UNIÓN PRESIÓN PVC 2 1/2""",Un,material,24241.0,false
"UNIÓN PRESIÓN PVC 2""",Un,material,6128.0,false
"UNIÓN PRESIÓN PVC 3""",Un,material,30030.0,false
"UNIÓN PRESIÓN PVC 3/4""",Un,material,912.0,false
"UNIÓN PRESIÓN PVC 4""",Un,material,65238.0,false
"UNIÓN PRESIÓN PVC PLATINO 2""",Un,material,40847.0,false
"UNIÓN PRESIÓN PVC PLATINO 3""",Un,material,67283.0,false
"UNIÓN PRESIÓN PVC PLATINO 4""",Un,material,97992.0,false
"UNIÓN PRESIÓN PVC SCH 80 1 1/2""",Un,material,26619.0,false
"UNIÓN PRESIÓN PVC SCH 80 1 1/4""",Un,material,24560.0,false
"UNIÓN PRESIÓN PVC SCH 80 2 1/2""",Un,material,65964.0,false
"UNIÓN PRESIÓN PVC SCH 80 2""",Un,material,30555.0,false
"UNIÓN PRESIÓN PVC SCH 80 3""",Un,material,75739.0,false
"UNIÓN PRESIÓN PVC SCH 80 4""",Un,material,97341.0,false
"UNIÓN RÍGIDA RANURADA HIERRO DÚCTIL SCH 40 1 1/2""",Un,material,20979.0,false
"UNIÓN RÍGIDA RANURADA HIERRO DÚCTIL SCH 40 1 1/4""",Un,material,20135.0,false
"UNIÓN RÍGIDA RANURADA HIERRO DÚCTIL SCH 40 2 1/2""",Un,material,30765.0,false
"UNIÓN RÍGIDA RANURADA HIERRO DÚCTIL SCH 40 2""",Un,material,23772.0,false
"UNIÓN RÍGIDA RANURADA HIERRO DÚCTIL SCH 40 3""",Un,material,42231.0,false
"UNIÓN RÍGIDA RANURADA HIERRO DÚCTIL SCH 40 4""",Un,material,47543.0,false
"UNIÓN RÍGIDA RANURADA HIERRO DÚCTIL SCH 40 6""",Un,material,81110.0,false
"UNIÓN RÍGIDA RANURADA HIERRO DÚCTIL SCH 40 8""",Un,material,157184.0,false
"UNIÓN SANITARIA PVC 1 1/2""",Un,material,3281.0,false
"UNIÓN SANITARIA PVC 2""",Un,material,3755.0,false
"UNIÓN SANITARIA PVC 3""",Un,material,5420.0,false
"UNIÓN SANITARIA PVC 4""",Un,material,10925.0,false
"UNIÓN SANITARIA PVC 6""",Un,material,47461.0,false
"UNIÓN SANITARIA PVC 8""",Un,material,136591.0,false
"VALLA INFORMATIVA PARAL L 2"" x 1/8""",m2,material,285939.0,false
"VARILLA COOPER WELD 5/8"" x 2.40 m",Un,material,283553.0,false
VARILLA GRAFILADA 4 mm,m,material,567.0,false
VARILLA GRAFILADA 5 mm,m,material,886.0,false
"VARILLA LISA DE 1/2""",m,material,5743.0,false
"VARILLA LISA DE 3/8""",m,material,3217.0,false
"VARILLA ROSCADA ZINC 1/2""",m,material,14051.0,false
"VARILLA ROSCADA ZINC 3/8""",m,material,6858.0,false
VASELINA,Kg,material,11347.0,false
VENTANA EN ALUMINIO CELOSÍA h= 0.60 m CON VIDRIO DE 4 mm,Sub/m,material,413512.0,false
VENTANA EN ALUMINIO CORREDIZA CON VIDRIO DE 4 mm,Sub/m2,material,413378.0,false
VENTANA EN ALUMINIO FIJA CON VIDRIO DE 4 mm,Sub/m2,material,361709.0,false
VENTANA EN ALUMINIO PROYECTANTE CON VIDRIO DE 4 mm,Sub/m2,material,439213.0,false
VENTANA EN LÁMINA Cal. 20,Sub/m2,material,152878.0,false
VENTANA EN MADERA FLORMORADO,Sub/m2,otro,237002.0,false
VENTANA LUCETA EN LÁMINA Cal. 20 h= 50 cm,Sub/m,material,91725.0,false
VENTILADOR HUMIDIFICADOR,Un,material,901424.0,false
"VENTILADOR INDUSTRIAL 122 cm, 3 ASPAS, 5 VELOCIDADES",Un,material,254506.0,false
VIBRADOR ELÉCTRICO PARA CONCRETO,Día,equipo,45270.0,false
VIDRIO PLOMADO BLINDADO 24 mm de 20 cm x 30 cm,Un,material,1895829.0,false
VIDRIO TRANSPARENTE 3 mm,m2,material,38748.0,false
VIDRIO TRANSPARENTE 4 mm,m2,material,48858.0,false
VIGUETA 0.40 mm x 2.44 m,Un,material,4998.0,false
VINILO ACRÍLICO GRIS BASALTO,Gal,material,90559.0,false
VINISOL 2 mm 30x30 cm,m2,material,39935.0,false
VIRUTA DE MADERA,Bt,material,2714.0,false
VITRIFLEX BARNIZ (COMPONENTE A),Gal,material,153053.0,false
VITRIFLEX CATALIZADOR (COMPONENTE B),Gal,material,199013.0,false
VOLQUETA 7 m3,Hr,transporte,94940.0,false
VÁLVULA ANTIVANDÁLICA PARA SANITARIO INSTITUCIONAL,Un,material,500970.0,false
"VÁLVULA DE BOLA DE CPVC Ø= 1""",Un,material,49499.0,false
"VÁLVULA DE BOLA DE CPVC Ø= 1/2""",Un,material,20937.0,false
"VÁLVULA DE BOLA DE CPVC Ø= 3/4""",Un,material,32524.0,false
"VÁLVULA DE BOLA DE PVC Ø= 1""",Un,material,27302.0,false
"VÁLVULA DE BOLA DE PVC Ø= 1/2""",Un,material,14786.0,false
"VÁLVULA DE BOLA DE PVC Ø= 3/4""",Un,material,19870.0,false
VÁLVULA DE ENTRADA HIDROSTÁTICA,Un,material,37900.0,false
"VÁLVULA DE PIE ANTIGOLPE DE ARIETE EN BRONCE Ø= 3""",Un,material,786524.0,false
"VÁLVULA DE PIE ANTIGOLPE DE ARIETE EN BRONCE Ø= 4""",Un,material,1590014.0,false
"VÁLVULA DE PIE EN ALUMINIO Ø= 3""",Un,material,154707.0,false
"VÁLVULA DE PIE EN ALUMINIO Ø= 4""",Un,material,290151.0,false
"VÁLVULA DE PIE EN BRONCE Y CANASTILLA METÁLICA Ø= 1 1/2""",Un,material,195981.0,false
"VÁLVULA DE PIE EN BRONCE Y CANASTILLA METÁLICA Ø= 2 1/2""",Un,material,395326.0,false
"VÁLVULA DE PIE EN BRONCE Y CANASTILLA METÁLICA Ø= 2""",Un,material,341209.0,false
"VÁLVULA DE PIE EN BRONCE Y CANASTILLA PLÁSTICA Ø= 1 1/2""",Un,material,183293.0,false
"VÁLVULA DE PIE EN BRONCE Y CANASTILLA PLÁSTICA Ø= 2 1/2""",Un,material,369795.0,false
"VÁLVULA DE PIE EN BRONCE Y CANASTILLA PLÁSTICA Ø= 2""",Un,material,318737.0,false
"VÁLVULA DE REGULACIÓN METÁLICA 1/2""",Un,material,46056.0,false
"VÁLVULA DE REGULACIÓN PLÁSTICA 1/2""",Un,material,12019.0,false
VÁLVULA MINI VENT,Un,material,143106.0,false
"VÁLVULA PE-AL-PE PARA GAS 1/2""",Un,material,30911.0,false
VÁLVULA SALIDA TANQUE,Un,material,35400.0,false
WASH PRIMER (1/4 Gal),Un,material,44523.0,false
WIN ALUMINIO x 2.50 m,Un,material,15229.0,false
WIN PLÁSTICO x 2.40 m,Un,material,6455.0,false
"YEE SANITARIA PVC 2""",Un,material,10681.0,false
"YEE SANITARIA PVC 3""",Un,material,21941.0,false
"YEE SANITARIA PVC 4""",Un,material,38176.0,false
"YEE SANITARIA PVC 6""",Un,material,180629.0,false
"YEE SANITARIA PVC 8""",Un,material,469735.0,false
"YEE SANITARIA PVC REDUCIDA 3"" x 2""",Un,material,20723.0,false
"YEE SANITARIA PVC REDUCIDA 4"" x 2""",Un,material,32772.0,false
"YEE SANITARIA PVC REDUCIDA 4"" x 3""",Un,material,32772.0,false
"YEE SANITARIA PVC REDUCIDA 6"" x 4""",Un,material,172029.0,false
"YEE SANITARIA PVC REDUCIDA 8"" x 4""",Un,material,335741.0,false
YESO,Kg,material,1546.0,false
YUNQUE,Un,equipo,112351.0,false
ZAPAPICO,Un,equipo,68047.0,false
ZUNCHADORA BANDIT,Un,equipo,798414.0,false
ZUNCHO PLÁSTICO,Un,material,251.0,false
ZÓCALO EN GRES 25x8 cm,Un,material,2029.0,false
ZÓCALO MEDIA CAÑA COEXTRUIDA EN PVC x 9 cm,m,material,19955.0,false
ZÓCALO MEDIA CAÑA EUROZÓCALO (GUARNE) 60x7.5 cm,Un,material,41441.0,false
ZÓCALO PORCELANATO 50x9.9 cm,Un,material,11101.0,false
ZÓCALO TERRAZO 60x7.5 cm,Un,material,15339.0,false
ÁCIDO MURIÁTICO,Gal,material,22900.0,false
ÁNGULO 2.50 cm x 2.50 cm 0.40 mm x 2.44 m,Un,material,3417.0,false
"ÁNGULO DE 1/4"" x 2""",m,material,28362.0,false
"ÁNGULO DE 1/4"" x 3""",m,material,43180.0,false
"ÁNGULO DE 1/8"" x 1 1/2""",m,material,10778.0,false
"ÁNGULO DE 1/8"" x 1""",m,material,7305.0,false
"ÁNGULO DE 1/8"" x 2""",m,material,14552.0,false
"ÁNGULO DE 3/16"" x 1 1/2""",m,material,15940.0,false
ÁNGULO EXTERIOR PARA CANALETA 60 x 16 mm,Un,material,8689.0,false
ÁNGULO EXTERIOR PARA CANALETA 75 x 20 mm,Un,material,11984.0,false
ÁNGULO INTERIOR PARA CANALETA 60 x 16 mm,Un,material,1906.0,false
ÁNGULO INTERIOR PARA CANALETA 75 x 20 mm,Un,material,12308.0,false
ÁNGULO PLANO PARA CANALETA,Un,material,9224.0,false
